Sample_ID,Species_Name,Scientific_Name,PacFIN_Species_Code,RecFIN_Species_Code,Year,Project_ID,Capture_Date,CRFS_District,Port,Vessel,CDFW_Vessel_Number,Institution,Fork_Length_mm,Sex,Maturity,Comments
202304-1012-12758-BLUR-177,Blue Rockfish,Sebastes mystinus,BLUR,8826010124,2023,1012,4/26/2023,District 2 - Channel,Santa Barbara,Coral Sea,12758,NMFS,345,F,1,"no date on tag - in box with other fish from 4/2023, spent not recent, RB checked with Jaime about collection date - should list 4/26, Dave & Neosha assigned sample # 26 , S5"
202304-1012-12758-BLUR-175,Blue Rockfish,Sebastes mystinus,BLUR,8826010124,2023,1012,4/26/2023,District 2 - Channel,Santa Barbara,Coral Sea,12758,NMFS,351,F,1,"no date on tag - in box with other fish from 4/2023, spent not recent, RB checked with Jaime about collection date - should list 4/26, Dave & Neosha assigned sample # 24 , S5"
202304-1012-12758-BLUR-171,Blue Rockfish,Sebastes mystinus,BLUR,8826010124,2023,1012,4/26/2023,District 2 - Channel,Santa Barbara,Coral Sea,12758,NMFS,280,F,1,"no date on tag - in box with other fish from 4/2023, spent not recent, RB checked with Jaime about collection date - should list 4/26, Dave & Neosha assigned sample # 20 , S5"
202304-1012-12758-BLUR-181,Blue Rockfish,Sebastes mystinus,BLUR,8826010124,2023,1012,4/26/2023,District 2 - Channel,Santa Barbara,Coral Sea,12758,NMFS,284,M,1,"no date on tag - in box with other fish from 4/2023, RB checked with Jaime about collection date - should list 4/26, Dave & Neosha assigned sample # 30 , S"
202304-1012-12758-BLUR-186,Blue Rockfish,Sebastes mystinus,BLUR,8826010124,2023,1012,4/26/2023,District 2 - Channel,Santa Barbara,Coral Sea,12758,NMFS,275,M,1,"no date on tag - in box with other fish from 4/2023, RB checked with Jaime about collection date - should list 4/26, Dave & Neosha assigned sample # 35 , S"
202304-1012-12758-BLUR-169,Blue Rockfish,Sebastes mystinus,BLUR,8826010124,2023,1012,4/26/2023,District 2 - Channel,Santa Barbara,Coral Sea,12758,NMFS,355,F,1,"no date on tag - in box with other fish from 4/2023, spent not recent, RB checked with Jaime about collection date - should list 4/26, Dave & Neosha assigned sample # 18 , S5"
202304-1012-12758-BLUR-178,Blue Rockfish,Sebastes mystinus,BLUR,8826010124,2023,1012,4/26/2023,District 2 - Channel,Santa Barbara,Coral Sea,12758,NMFS,264,F,1,"no date on tag - in box with other fish from 4/2023, spent not recent, RB checked with Jaime about collection date - should list 4/26, Dave & Neosha assigned sample # 27 , S5"
202304-1012-12758-BLUR-191,Blue Rockfish,Sebastes mystinus,BLUR,8826010124,2023,1012,4/26/2023,District 2 - Channel,Santa Barbara,Coral Sea,12758,NMFS,338,F,1,"no date on tag - in box with other fish from 4/2023, spent not recent, RB checked with Jaime about collection date - should list 4/26, Dave & Neosha assigned sample # 40 , S5"
202306-1012-28054-BLUR-319,Blue Rockfish,Sebastes mystinus,BLUR,8826010124,2023,1012,6/4/2023,District 2 - Channel,Channel Islands,Mirage,28054,NMFS,344,F,1,"Dave & Neosha assigned sample # 168 , S7"
202304-1012-12758-BLUR-176,Blue Rockfish,Sebastes mystinus,BLUR,8826010124,2023,1012,4/26/2023,District 2 - Channel,Santa Barbara,Coral Sea,12758,NMFS,295,F,1,"no date on tag - in box with other fish from 4/2023, spent not recent, RB checked with Jaime about collection date - should list 4/26, Dave & Neosha assigned sample # 25 , S5"
202304-1012-12758-BLUR-173,Blue Rockfish,Sebastes mystinus,BLUR,8826010124,2023,1012,4/26/2023,District 2 - Channel,Santa Barbara,Coral Sea,12758,NMFS,276,F,1,"no date on tag - in box with other fish from 4/2023, spent not recent, RB checked with Jaime about collection date - should list 4/26, Dave & Neosha assigned sample # 22 , S5"
202304-1012-12758-BLUR-180,Blue Rockfish,Sebastes mystinus,BLUR,8826010124,2023,1012,4/26/2023,District 2 - Channel,Santa Barbara,Coral Sea,12758,NMFS,269,M,1,"no date on tag - in box with other fish from 4/2023, RB checked with Jaime about collection date - should list 4/26, Dave & Neosha assigned sample # 29 , S"
202306-1012-28054-BLUR-318,Blue Rockfish,Sebastes mystinus,BLUR,8826010124,2023,1012,6/4/2023,District 2 - Channel,Channel Islands,Mirage,28054,NMFS,271,F,1,"Dave & Neosha assigned sample # 167 , S7"
202304-1012-12758-BLUR-185,Blue Rockfish,Sebastes mystinus,BLUR,8826010124,2023,1012,4/26/2023,District 2 - Channel,Santa Barbara,Coral Sea,12758,NMFS,259,M,1,"no date on tag - in box with other fish from 4/2023, RB checked with Jaime about collection date - should list 4/26, Dave & Neosha assigned sample # 34 , S"
202304-1012-12758-BLUR-174,Blue Rockfish,Sebastes mystinus,BLUR,8826010124,2023,1012,4/26/2023,District 2 - Channel,Santa Barbara,Coral Sea,12758,NMFS,311,F,1,"no date on tag - in box with other fish from 4/2023, spent not recent, RB checked with Jaime about collection date - should list 4/26, Dave & Neosha assigned sample # 23 , S5"
202306-1012-28054-BLUR-322,Blue Rockfish,Sebastes mystinus,BLUR,8826010124,2023,1012,6/4/2023,District 2 - Channel,Channel Islands,Mirage,28054,NMFS,249,F,1,"Dave & Neosha assigned sample # 171 , S7"
202306-1012-28054-BLUR-327,Blue Rockfish,Sebastes mystinus,BLUR,8826010124,2023,1012,6/4/2023,District 2 - Channel,Channel Islands,Mirage,28054,NMFS,337,F,1,"Dave & Neosha assigned sample # 176 , S7"
202304-1012-12758-BLUR-187,Blue Rockfish,Sebastes mystinus,BLUR,8826010124,2023,1012,4/26/2023,District 2 - Channel,Santa Barbara,Coral Sea,12758,NMFS,362,F,1,"no date on tag - in box with other fish from 4/2023, spent not recent, RB checked with Jaime about collection date - should list 4/26, Dave & Neosha assigned sample # 36 , S5"
202306-1012-28054-BLUR-330,Blue Rockfish,Sebastes mystinus,BLUR,8826010124,2023,1012,6/4/2023,District 2 - Channel,Channel Islands,Mirage,28054,NMFS,338,F,1,"Dave & Neosha assigned sample # 179 , S7"
202307-1012-28054-BLUR-510,Blue Rockfish,Sebastes mystinus,BLUR,8826010124,2023,1012,7/28/2023,District 2 - Channel,Channel Islands,Mirage,28054,NMFS,338,F,1,"Dave & Neosha assigned sample # 359 , S7"
202307-1012-28054-BLUR-504,Blue Rockfish,Sebastes mystinus,BLUR,8826010124,2023,1012,7/28/2023,District 2 - Channel,Channel Islands,Mirage,28054,NMFS,328,F,1,"Dave & Neosha assigned sample # 353 , S7"
202307-1012-28054-BLUR-509,Blue Rockfish,Sebastes mystinus,BLUR,8826010124,2023,1012,7/28/2023,District 2 - Channel,Channel Islands,Mirage,28054,NMFS,334,F,1,"Dave & Neosha assigned sample # 358 , S7"
202304-1012-12758-BLUR-170,Blue Rockfish,Sebastes mystinus,BLUR,8826010124,2023,1012,4/26/2023,District 2 - Channel,Santa Barbara,Coral Sea,12758,NMFS,339,F,1,"no date on tag - in box with other fish from 4/2023, spent not recent, RB checked with Jaime about collection date - should list 4/26, Dave & Neosha assigned sample # 19 , S5"
202304-1012-12758-BLUR-172,Blue Rockfish,Sebastes mystinus,BLUR,8826010124,2023,1012,4/26/2023,District 2 - Channel,Santa Barbara,Coral Sea,12758,NMFS,289,F,1,"no date on tag - in box with other fish from 4/2023, spent not recent, RB checked with Jaime about collection date - should list 4/26, Dave & Neosha assigned sample # 21 , S5"
202304-1012-12758-BLUR-184,Blue Rockfish,Sebastes mystinus,BLUR,8826010124,2023,1012,4/26/2023,District 2 - Channel,Santa Barbara,Coral Sea,12758,NMFS,292,F,1,"no date on tag - in box with other fish from 4/2023, spent not recent, RB checked with Jaime about collection date - should list 4/26, Dave & Neosha assigned sample # 33 , S5"
202304-1012-12758-BLUR-190,Blue Rockfish,Sebastes mystinus,BLUR,8826010124,2023,1012,4/26/2023,District 2 - Channel,Santa Barbara,Coral Sea,12758,NMFS,306,F,1,"no date on tag - in box with other fish from 4/2023, spent not recent, RB checked with Jaime about collection date - should list 4/26, Dave & Neosha assigned sample # 39 , S5"
202306-1012-28054-BLUR-323,Blue Rockfish,Sebastes mystinus,BLUR,8826010124,2023,1012,6/4/2023,District 2 - Channel,Channel Islands,Mirage,28054,NMFS,280,F,1,"Dave & Neosha assigned sample # 172 , S7"
202307-1012-28054-BLUR-501,Blue Rockfish,Sebastes mystinus,BLUR,8826010124,2023,1012,7/28/2023,District 2 - Channel,Channel Islands,Mirage,28054,NMFS,318,F,1,"Dave & Neosha assigned sample # 350 , S7"
202307-1012-28054-BLUR-502,Blue Rockfish,Sebastes mystinus,BLUR,8826010124,2023,1012,7/28/2023,District 2 - Channel,Channel Islands,Mirage,28054,NMFS,340,F,1,"Dave & Neosha assigned sample # 351 , S7"
202307-1012-28054-BLUR-507,Blue Rockfish,Sebastes mystinus,BLUR,8826010124,2023,1012,7/28/2023,District 2 - Channel,Channel Islands,Mirage,28054,NMFS,325,F,1,"Dave & Neosha assigned sample # 356 , S7"
202307-1012-28054-BLUR-508,Blue Rockfish,Sebastes mystinus,BLUR,8826010124,2023,1012,7/28/2023,District 2 - Channel,Channel Islands,Mirage,28054,NMFS,283,F,1,"Dave & Neosha assigned sample # 357 , S7"
202306-1012-28054-BLUR-321,Blue Rockfish,Sebastes mystinus,BLUR,8826010124,2023,1012,6/4/2023,District 2 - Channel,Channel Islands,Mirage,28054,NMFS,379,F,1,"Dave & Neosha assigned sample # 170 , S7"
202307-1012-28054-BLUR-506,Blue Rockfish,Sebastes mystinus,BLUR,8826010124,2023,1012,7/28/2023,District 2 - Channel,Channel Islands,Mirage,28054,NMFS,357,F,1,"Dave & Neosha assigned sample # 355 , S7"
202304-1012-12758-BLUR-183,Blue Rockfish,Sebastes mystinus,BLUR,8826010124,2023,1012,4/26/2023,District 2 - Channel,Santa Barbara,Coral Sea,12758,NMFS,349,F,1,"no date on tag - in box with other fish from 4/2023, spent not recent, RB checked with Jaime about collection date - should list 4/26, Dave & Neosha assigned sample # 32 , S5"
202304-1012-12758-BLUR-192,Blue Rockfish,Sebastes mystinus,BLUR,8826010124,2023,1012,4/26/2023,District 2 - Channel,Santa Barbara,Coral Sea,12758,NMFS,299,F,1,"no date on tag - in box with other fish from 4/2023, spent not recent, RB checked with Jaime about collection date - should list 4/26, Dave & Neosha assigned sample # 41 , S5"
202307-1012-28054-BLUR-500,Blue Rockfish,Sebastes mystinus,BLUR,8826010124,2023,1012,7/28/2023,District 2 - Channel,Channel Islands,Mirage,28054,NMFS,275,F,1,"Dave & Neosha assigned sample # 349 , S7"
202304-1012-12758-BLUR-189,Blue Rockfish,Sebastes mystinus,BLUR,8826010124,2023,1012,4/26/2023,District 2 - Channel,Santa Barbara,Coral Sea,12758,NMFS,365,F,1,"no date on tag - in box with other fish from 4/2023, spent not recent, RB checked with Jaime about collection date - should list 4/26, Dave & Neosha assigned sample # 38 , S5"
202307-1012-28054-BLUR-499,Blue Rockfish,Sebastes mystinus,BLUR,8826010124,2023,1012,7/28/2023,District 2 - Channel,Channel Islands,Mirage,28054,NMFS,335,F,1,"Dave & Neosha assigned sample # 348 , S7"
202306-1012-28054-BLUR-324,Blue Rockfish,Sebastes mystinus,BLUR,8826010124,2023,1012,6/4/2023,District 2 - Channel,Channel Islands,Mirage,28054,NMFS,288,F,1,"Dave & Neosha assigned sample # 173 , S7"
202304-1012-12758-BLUR-182,Blue Rockfish,Sebastes mystinus,BLUR,8826010124,2023,1012,4/26/2023,District 2 - Channel,Santa Barbara,Coral Sea,12758,NMFS,232,M,1,"no date on tag - in box with other fish from 4/2023, RB checked with Jaime about collection date - should list 4/26, Dave & Neosha assigned sample # 31 , S"
202306-1012-28054-BLUR-328,Blue Rockfish,Sebastes mystinus,BLUR,8826010124,2023,1012,6/4/2023,District 2 - Channel,Channel Islands,Mirage,28054,NMFS,293,F,1,"Dave & Neosha assigned sample # 177 , S7"
202307-1012-28054-BLUR-505,Blue Rockfish,Sebastes mystinus,BLUR,8826010124,2023,1012,7/28/2023,District 2 - Channel,Channel Islands,Mirage,28054,NMFS,329,F,1,"Dave & Neosha assigned sample # 354 , S7"
202304-1012-12758-BLUR-179,Blue Rockfish,Sebastes mystinus,BLUR,8826010124,2023,1012,4/26/2023,District 2 - Channel,Santa Barbara,Coral Sea,12758,NMFS,362,F,1,"no date on tag - in box with other fish from 4/2023, spent not recent, RB checked with Jaime about collection date - should list 4/26, Dave & Neosha assigned sample # 28 , S5"
202307-1012-28054-BLUR-498,Blue Rockfish,Sebastes mystinus,BLUR,8826010124,2023,1012,7/28/2023,District 2 - Channel,Channel Islands,Mirage,28054,NMFS,295,F,1,"Dave & Neosha assigned sample # 347 , S7"
202304-1012-12758-BLUR-168,Blue Rockfish,Sebastes mystinus,BLUR,8826010124,2023,1012,4/26/2023,District 2 - Channel,Santa Barbara,Coral Sea,12758,NMFS,310,F,1,"no date on tag - in box with other fish from 4/2023, spent not recent, RB checked with Jaime about collection date - should list 4/26, Dave & Neosha assigned sample # 17 , S5"
202307-1012-28054-BLUR-503,Blue Rockfish,Sebastes mystinus,BLUR,8826010124,2023,1012,7/28/2023,District 2 - Channel,Channel Islands,Mirage,28054,NMFS,326,F,1,"Dave & Neosha assigned sample # 352 , S7"
202306-1012-28054-BLUR-325,Blue Rockfish,Sebastes mystinus,BLUR,8826010124,2023,1012,6/4/2023,District 2 - Channel,Channel Islands,Mirage,28054,NMFS,258,M,1,"Dave & Neosha assigned sample # 174 , S"
202304-1012-12758-BLUR-188,Blue Rockfish,Sebastes mystinus,BLUR,8826010124,2023,1012,4/26/2023,District 2 - Channel,Santa Barbara,Coral Sea,12758,NMFS,334,F,1,"no date on tag - in box with other fish from 4/2023, spent not recent, RB checked with Jaime about collection date - should list 4/26, Dave & Neosha assigned sample # 37 , S5"
202306-1012-28054-BLUR-326,Blue Rockfish,Sebastes mystinus,BLUR,8826010124,2023,1012,6/4/2023,District 2 - Channel,Channel Islands,Mirage,28054,NMFS,330,F,1,"Dave & Neosha assigned sample # 175 , S7"
202306-1012-28054-BLUR-320,Blue Rockfish,Sebastes mystinus,BLUR,8826010124,2023,1012,6/4/2023,District 2 - Channel,Channel Islands,Mirage,28054,NMFS,335,F,1,"Dave & Neosha assigned sample # 169 , S7"
202306-1012-28054-BLUR-329,Blue Rockfish,Sebastes mystinus,BLUR,8826010124,2023,1012,6/4/2023,District 2 - Channel,Channel Islands,Mirage,28054,NMFS,289,F,1,"Dave & Neosha assigned sample # 178 , S7"
202306-1012-29746-CNRY-451,Canary Rockfish,Sebastes pinniger,CNRY,8826010128,2023,1012,6/22/2023,District 4 - San Francisco,Emeryville,Sea Wolf,29746,NMFS,465,M,1,"Dave & Neosha assigned sample # 300, ripe running testes , S"
202306-1012-29746-CNRY-284,Canary Rockfish,Sebastes pinniger,CNRY,8826010128,2023,1012,6/30/2023,District 4 - San Francisco,Emeryville,Sea Wolf,29746,NMFS,351,M,1,"Dave & Neosha assigned sample # 133 , S"
202306-1012-29746-CNRY-449,Canary Rockfish,Sebastes pinniger,CNRY,8826010128,2023,1012,6/16/2023,District 4 - San Francisco,Emeryville,Sea Wolf,29746,NMFS,425,M,1,"Dave & Neosha assigned sample # 298, ripe running testes , S"
202306-1012-29746-CNRY-455,Canary Rockfish,Sebastes pinniger,CNRY,8826010128,2023,1012,6/22/2023,District 4 - San Francisco,Emeryville,Sea Wolf,29746,NMFS,448,M,1,"Dave & Neosha assigned sample # 304, ripe running testes , S"
202306-1012-29746-CNRY-452,Canary Rockfish,Sebastes pinniger,CNRY,8826010128,2023,1012,6/22/2023,District 4 - San Francisco,Emeryville,Sea Wolf,29746,NMFS,445,M,1,"Dave & Neosha assigned sample # 301, ripe running testes , S"
202306-1012-29746-CNRY-453,Canary Rockfish,Sebastes pinniger,CNRY,8826010128,2023,1012,6/22/2023,District 4 - San Francisco,Emeryville,Sea Wolf,29746,NMFS,360,M,1,"Dave & Neosha assigned sample # 302 , S"
202306-1012-29746-CNRY-283,Canary Rockfish,Sebastes pinniger,CNRY,8826010128,2023,1012,6/30/2023,District 4 - San Francisco,Emeryville,Sea Wolf,29746,NMFS,369,M,1,"Dave & Neosha assigned sample # 132 , S"
202306-1012-29746-CNRY-450,Canary Rockfish,Sebastes pinniger,CNRY,8826010128,2023,1012,6/22/2023,District 4 - San Francisco,Emeryville,Sea Wolf,29746,NMFS,436,F,1,"Dave & Neosha assigned sample # 299 , S7"
202306-1012-29746-CNRY-317,Canary Rockfish,Sebastes pinniger,CNRY,8826010128,2023,1012,6/30/2023,District 4 - San Francisco,Emeryville,Sea Wolf,29746,NMFS,385,M,1,"ripe testes, Dave & Neosha assigned sample # 166 , S"
202306-1012-29746-CNRY-454,Canary Rockfish,Sebastes pinniger,CNRY,8826010128,2023,1012,6/22/2023,District 4 - San Francisco,Emeryville,Sea Wolf,29746,NMFS,440,F,1,"Dave & Neosha assigned sample # 303 , S7"
202306-1012-29746-CNRY-280,Canary Rockfish,Sebastes pinniger,CNRY,8826010128,2023,1012,6/30/2023,District 4 - San Francisco,Emeryville,Sea Wolf,29746,NMFS,387,M,1,"ripe testes, Dave & Neosha assigned sample # 129 , S"
202306-1012-29746-CNRY-278,Canary Rockfish,Sebastes pinniger,CNRY,8826010128,2023,1012,6/30/2023,District 4 - San Francisco,Emeryville,Sea Wolf,29746,NMFS,351,F,1,"Dave & Neosha assigned sample # 127 , S7"
202306-1012-29746-CNRY-274,Canary Rockfish,Sebastes pinniger,CNRY,8826010128,2023,1012,6/30/2023,District 4 - San Francisco,Emeryville,Sea Wolf,29746,NMFS,337,F,0,"Dave & Neosha assigned sample # 123 , S1"
202306-1012-29746-CNRY-281,Canary Rockfish,Sebastes pinniger,CNRY,8826010128,2023,1012,6/30/2023,District 4 - San Francisco,Emeryville,Sea Wolf,29746,NMFS,321,M,0,"Dave & Neosha assigned sample # 130 , S"
202306-1012-29746-CNRY-282,Canary Rockfish,Sebastes pinniger,CNRY,8826010128,2023,1012,6/30/2023,District 4 - San Francisco,Emeryville,Sea Wolf,29746,NMFS,386,M,1,"ripe testes, Dave & Neosha assigned sample # 131 , S"
202306-1012-29746-CNRY-272,Canary Rockfish,Sebastes pinniger,CNRY,8826010128,2023,1012,6/30/2023,District 4 - San Francisco,Emeryville,Sea Wolf,29746,NMFS,352,F,1,"Dave & Neosha assigned sample # 121 , S7"
202306-1012-29746-CNRY-277,Canary Rockfish,Sebastes pinniger,CNRY,8826010128,2023,1012,6/30/2023,District 4 - San Francisco,Emeryville,Sea Wolf,29746,NMFS,356,M,1,"ripe testes, Dave & Neosha assigned sample # 126 , S"
202306-1012-29746-CNRY-273,Canary Rockfish,Sebastes pinniger,CNRY,8826010128,2023,1012,6/30/2023,District 4 - San Francisco,Emeryville,Sea Wolf,29746,NMFS,396,M,1,"Dave & Neosha assigned sample # 122 , S"
202306-1012-29746-CNRY-276,Canary Rockfish,Sebastes pinniger,CNRY,8826010128,2023,1012,6/30/2023,District 4 - San Francisco,Emeryville,Sea Wolf,29746,NMFS,371,M,1,"Dave & Neosha assigned sample # 125 , S"
202306-1012-29746-CNRY-279,Canary Rockfish,Sebastes pinniger,CNRY,8826010128,2023,1012,6/30/2023,District 4 - San Francisco,Emeryville,Sea Wolf,29746,NMFS,355,M,1,"Dave & Neosha assigned sample # 128 , S"
202306-1012-29746-CNRY-271,Canary Rockfish,Sebastes pinniger,CNRY,8826010128,2023,1012,6/30/2023,District 4 - San Francisco,Emeryville,Sea Wolf,29746,NMFS,331,F,1,"Dave & Neosha assigned sample # 120 , S7"
202306-1012-29746-CNRY-275,Canary Rockfish,Sebastes pinniger,CNRY,8826010128,2023,1012,6/30/2023,District 4 - San Francisco,Emeryville,Sea Wolf,29746,NMFS,345,M,1,"Dave & Neosha assigned sample # 124 , S"
202304-1012-28054-COPP-234,Copper Rockfish,Sebastes caurinus,COPP,8826010108,2023,1012,4/29/2023,District 2 - Channel,Channel Islands,Mirage,28054,NMFS,418,M,1,"Dave & Neosha assigned sample # 83 , S"
202305-1012-28054-COPP-217,Copper Rockfish,Sebastes caurinus,COPP,8826010108,2023,1012,5/26/2023,District 2 - Channel,Channel Islands,Mirage,28054,NMFS,NA,M,1,"marker on tag rubbed off, unable to read length, Dave & Neosha assigned sample # 66 , S"
202307-1012-28054-COPP-485,Copper Rockfish,Sebastes caurinus,COPP,8826010108,2023,1012,7/28/2023,District 2 - Channel,Channel Islands,Mirage,28054,NMFS,358,F,1,"Dave & Neosha assigned sample # 334 , S7"
202304-1012-37022-COPP-159,Copper Rockfish,Sebastes caurinus,COPP,8826010108,2023,1012,4/27/2023,District 2 - Channel,Santa Barbara,Stardust,37022,NMFS,444,M,1,"Dave & Neosha assigned sample # 8 , S"
202304-1012-37022-COPP-161,Copper Rockfish,Sebastes caurinus,COPP,8826010108,2023,1012,4/27/2023,District 2 - Channel,Santa Barbara,Stardust,37022,NMFS,398,M,1,"Dave & Neosha assigned sample # 10 , S"
202304-1012-37022-COPP-163,Copper Rockfish,Sebastes caurinus,COPP,8826010108,2023,1012,4/27/2023,District 2 - Channel,Santa Barbara,Stardust,37022,NMFS,405,M,1,"Dave & Neosha assigned sample # 12 , S"
202304-1012-28054-COPP-232,Copper Rockfish,Sebastes caurinus,COPP,8826010108,2023,1012,4/29/2023,District 2 - Channel,Channel Islands,Mirage,28054,NMFS,482,F,1,"spent not recent, Dave & Neosha assigned sample # 81 , S5"
202304-1012-28054-COPP-233,Copper Rockfish,Sebastes caurinus,COPP,8826010108,2023,1012,4/29/2023,District 2 - Channel,Channel Islands,Mirage,28054,NMFS,350,M,1,"Dave & Neosha assigned sample # 82 , S"
202305-1012-28054-COPP-206,Copper Rockfish,Sebastes caurinus,COPP,8826010108,2023,1012,5/26/2023,District 2 - Channel,Channel Islands,Mirage,28054,NMFS,389,F,1,"spent not recent, Dave & Neosha assigned sample # 55 , S5"
202305-1012-28054-COPP-208,Copper Rockfish,Sebastes caurinus,COPP,8826010108,2023,1012,5/26/2023,District 2 - Channel,Channel Islands,Mirage,28054,NMFS,430,F,1,"spent not recent, Dave & Neosha assigned sample # 57 , S5"
202305-1012-28054-COPP-209,Copper Rockfish,Sebastes caurinus,COPP,8826010108,2023,1012,5/26/2023,District 2 - Channel,Channel Islands,Mirage,28054,NMFS,459,F,1,"spent not recent, Dave & Neosha assigned sample # 58 , S5"
202305-1012-28054-COPP-216,Copper Rockfish,Sebastes caurinus,COPP,8826010108,2023,1012,5/26/2023,District 2 - Channel,Channel Islands,Mirage,28054,NMFS,431,M,1,"Dave & Neosha assigned sample # 65 , S"
202306-1012-28054-COPP-339,Copper Rockfish,Sebastes caurinus,COPP,8826010108,2023,1012,6/4/2023,District 2 - Channel,Channel Islands,Mirage,28054,NMFS,408,M,1,"Dave & Neosha assigned sample # 188 , S"
202306-1012-28054-COPP-341,Copper Rockfish,Sebastes caurinus,COPP,8826010108,2023,1012,6/4/2023,District 2 - Channel,Channel Islands,Mirage,28054,NMFS,349,M,1,"Dave & Neosha assigned sample # 190 , S"
202306-1012-28054-COPP-342,Copper Rockfish,Sebastes caurinus,COPP,8826010108,2023,1012,6/4/2023,District 2 - Channel,Channel Islands,Mirage,28054,NMFS,380,M,1,"Dave & Neosha assigned sample # 191 , S"
202305-1012-28054-COPP-210,Copper Rockfish,Sebastes caurinus,COPP,8826010108,2023,1012,5/26/2023,District 2 - Channel,Channel Islands,Mirage,28054,NMFS,445,M,1,"Dave & Neosha assigned sample # 59 , S"
202304-1012-28054-COPP-238,Copper Rockfish,Sebastes caurinus,COPP,8826010108,2023,1012,4/29/2023,District 2 - Channel,Channel Islands,Mirage,28054,NMFS,421,M,1,"Dave & Neosha assigned sample # 87 , S"
202304-1012-28054-COPP-239,Copper Rockfish,Sebastes caurinus,COPP,8826010108,2023,1012,4/29/2023,District 2 - Channel,Channel Islands,Mirage,28054,NMFS,447,M,1,"Dave & Neosha assigned sample # 88 , S"
202306-1012-28054-COPP-348,Copper Rockfish,Sebastes caurinus,COPP,8826010108,2023,1012,6/16/2023,District 2 - Channel,Channel Islands,Mirage,28054,NMFS,365,M,1,"Dave & Neosha assigned sample # 197 , S"
202306-1012-28054-COPP-335,Copper Rockfish,Sebastes caurinus,COPP,8826010108,2023,1012,6/4/2023,District 2 - Channel,Channel Islands,Mirage,28054,NMFS,357,M,1,"Dave & Neosha assigned sample # 184 , S"
202304-1012-28054-COPP-240,Copper Rockfish,Sebastes caurinus,COPP,8826010108,2023,1012,4/29/2023,District 2 - Channel,Channel Islands,Mirage,28054,NMFS,406,M,1,"Dave & Neosha assigned sample # 89 , S"
202304-1012-28054-COPP-241,Copper Rockfish,Sebastes caurinus,COPP,8826010108,2023,1012,4/29/2023,District 2 - Channel,Channel Islands,Mirage,28054,NMFS,429,F,1,"spent not recent, Dave & Neosha assigned sample # 90 , S5"
202304-1012-37022-COPP-153,Copper Rockfish,Sebastes caurinus,COPP,8826010108,2023,1012,4/27/2023,District 2 - Channel,Santa Barbara,Stardust,37022,NMFS,419,M,1,"Dave & Neosha assigned sample # 2 , S"
202306-1012-28054-COPP-345,Copper Rockfish,Sebastes caurinus,COPP,8826010108,2023,1012,6/16/2023,District 2 - Channel,Channel Islands,Mirage,28054,NMFS,385,F,1,"Dave & Neosha assigned sample # 194 , S7"
202304-1012-37022-COPP-154,Copper Rockfish,Sebastes caurinus,COPP,8826010108,2023,1012,4/27/2023,District 2 - Channel,Santa Barbara,Stardust,37022,NMFS,435,F,1,"spent not recent, Dave & Neosha assigned sample # 3 , S5"
202304-1012-37022-COPP-155,Copper Rockfish,Sebastes caurinus,COPP,8826010108,2023,1012,4/27/2023,District 2 - Channel,Santa Barbara,Stardust,37022,NMFS,419,M,1,"Dave & Neosha assigned sample # 4 , S"
202304-1012-37022-COPP-158,Copper Rockfish,Sebastes caurinus,COPP,8826010108,2023,1012,4/27/2023,District 2 - Channel,Santa Barbara,Stardust,37022,NMFS,420,M,1,"Dave & Neosha assigned sample # 7 , S"
202304-1012-37022-COPP-160,Copper Rockfish,Sebastes caurinus,COPP,8826010108,2023,1012,4/27/2023,District 2 - Channel,Santa Barbara,Stardust,37022,NMFS,397,M,1,"Dave & Neosha assigned sample # 9 , S"
202304-1012-37022-COPP-164,Copper Rockfish,Sebastes caurinus,COPP,8826010108,2023,1012,4/27/2023,District 2 - Channel,Santa Barbara,Stardust,37022,NMFS,379,F,1,"spent not recent, Dave & Neosha assigned sample # 13 , S5"
202304-1012-37022-COPP-166,Copper Rockfish,Sebastes caurinus,COPP,8826010108,2023,1012,4/27/2023,District 2 - Channel,Santa Barbara,Stardust,37022,NMFS,402,F,1,"spent not recent, Dave & Neosha assigned sample # 15 , S5"
202304-1012-28054-COPP-235,Copper Rockfish,Sebastes caurinus,COPP,8826010108,2023,1012,4/29/2023,District 2 - Channel,Channel Islands,Mirage,28054,NMFS,395,M,1,"Dave & Neosha assigned sample # 84 , S"
202304-1012-28054-COPP-237,Copper Rockfish,Sebastes caurinus,COPP,8826010108,2023,1012,4/29/2023,District 2 - Channel,Channel Islands,Mirage,28054,NMFS,391,M,1,"Dave & Neosha assigned sample # 86 , S"
202304-1012-28054-COPP-242,Copper Rockfish,Sebastes caurinus,COPP,8826010108,2023,1012,4/29/2023,District 2 - Channel,Channel Islands,Mirage,28054,NMFS,379,F,1,"spent not recent, Dave & Neosha assigned sample # 91 , S5"
202306-1012-28054-COPP-353,Copper Rockfish,Sebastes caurinus,COPP,8826010108,2023,1012,6/16/2023,District 2 - Channel,Channel Islands,Mirage,28054,NMFS,393,M,1,"Dave & Neosha assigned sample # 202 , S"
202305-1012-28054-COPP-211,Copper Rockfish,Sebastes caurinus,COPP,8826010108,2023,1012,5/26/2023,District 2 - Channel,Channel Islands,Mirage,28054,NMFS,454,M,1,"Dave & Neosha assigned sample # 60 , S"
202305-1012-28054-COPP-213,Copper Rockfish,Sebastes caurinus,COPP,8826010108,2023,1012,5/26/2023,District 2 - Channel,Channel Islands,Mirage,28054,NMFS,399,M,1,"Dave & Neosha assigned sample # 62 , S"
202305-1012-28054-COPP-214,Copper Rockfish,Sebastes caurinus,COPP,8826010108,2023,1012,5/26/2023,District 2 - Channel,Channel Islands,Mirage,28054,NMFS,461,M,1,"Dave & Neosha assigned sample # 63 , S"
202306-1012-28054-COPP-336,Copper Rockfish,Sebastes caurinus,COPP,8826010108,2023,1012,6/4/2023,District 2 - Channel,Channel Islands,Mirage,28054,NMFS,395,U,UNK,"no gonads, Dave & Neosha assigned sample # 185 , S"
202304-1012-28054-COPP-236,Copper Rockfish,Sebastes caurinus,COPP,8826010108,2023,1012,4/29/2023,District 2 - Channel,Channel Islands,Mirage,28054,NMFS,399,F,1,"spent not recent, Dave & Neosha assigned sample # 85 , S5"
202306-1012-28054-COPP-346,Copper Rockfish,Sebastes caurinus,COPP,8826010108,2023,1012,6/16/2023,District 2 - Channel,Channel Islands,Mirage,28054,NMFS,375,F,1,"Dave & Neosha assigned sample # 195 , S7"
202306-1012-28054-COPP-349,Copper Rockfish,Sebastes caurinus,COPP,8826010108,2023,1012,6/16/2023,District 2 - Channel,Channel Islands,Mirage,28054,NMFS,418,F,1,"Dave & Neosha assigned sample # 198 , S7"
202306-1012-28054-COPP-350,Copper Rockfish,Sebastes caurinus,COPP,8826010108,2023,1012,6/16/2023,District 2 - Channel,Channel Islands,Mirage,28054,NMFS,349,F,1,"Dave & Neosha assigned sample # 199 , S7"
202306-1012-28054-COPP-351,Copper Rockfish,Sebastes caurinus,COPP,8826010108,2023,1012,6/16/2023,District 2 - Channel,Channel Islands,Mirage,28054,NMFS,362,F,1,"Dave & Neosha assigned sample # 200 , S7"
202307-1012-28054-COPP-488,Copper Rockfish,Sebastes caurinus,COPP,8826010108,2023,1012,7/28/2023,District 2 - Channel,Channel Islands,Mirage,28054,NMFS,365,M,1,"Dave & Neosha assigned sample # 337 , S"
202306-1012-28054-COPP-332,Copper Rockfish,Sebastes caurinus,COPP,8826010108,2023,1012,6/4/2023,District 2 - Channel,Channel Islands,Mirage,28054,NMFS,306,M,0,"Dave & Neosha assigned sample # 181 , S"
202306-1012-28054-COPP-340,Copper Rockfish,Sebastes caurinus,COPP,8826010108,2023,1012,6/4/2023,District 2 - Channel,Channel Islands,Mirage,28054,NMFS,434,M,1,"Dave & Neosha assigned sample # 189 , S"
202304-1012-37022-COPP-167,Copper Rockfish,Sebastes caurinus,COPP,8826010108,2023,1012,4/27/2023,District 2 - Channel,Santa Barbara,Stardust,37022,NMFS,397,M,1,"Dave & Neosha assigned sample # 16 , S"
202307-1012-28054-COPP-484,Copper Rockfish,Sebastes caurinus,COPP,8826010108,2023,1012,7/13/2023,District 2 - Channel,Channel Islands,Mirage,28054,NMFS,379,M,1,"Dave & Neosha assigned sample # 333 , S"
202305-1012-28054-COPP-207,Copper Rockfish,Sebastes caurinus,COPP,8826010108,2023,1012,5/26/2023,District 2 - Channel,Channel Islands,Mirage,28054,NMFS,465,F,1,"spent not recent, Dave & Neosha assigned sample # 56 , S5"
202307-1012-28054-COPP-473,Copper Rockfish,Sebastes caurinus,COPP,8826010108,2023,1012,7/13/2023,District 2 - Channel,Channel Islands,Mirage,28054,NMFS,385,M,1,"Dave & Neosha assigned sample # 322 , S"
202307-1012-28054-COPP-479,Copper Rockfish,Sebastes caurinus,COPP,8826010108,2023,1012,7/13/2023,District 2 - Channel,Channel Islands,Mirage,28054,NMFS,440,F,1,"Dave & Neosha assigned sample # 328 , S7"
202307-1012-28054-COPP-480,Copper Rockfish,Sebastes caurinus,COPP,8826010108,2023,1012,7/13/2023,District 2 - Channel,Channel Islands,Mirage,28054,NMFS,333,M,0,"Dave & Neosha assigned sample # 329 , S"
202307-1012-28054-COPP-486,Copper Rockfish,Sebastes caurinus,COPP,8826010108,2023,1012,7/28/2023,District 2 - Channel,Channel Islands,Mirage,28054,NMFS,413,F,1,"Dave & Neosha assigned sample # 335 , S7"
202307-1012-28054-COPP-494,Copper Rockfish,Sebastes caurinus,COPP,8826010108,2023,1012,7/28/2023,District 2 - Channel,Channel Islands,Mirage,28054,NMFS,349,F,1,"Dave & Neosha assigned sample # 343 , S7"
202305-1012-28054-COPP-212,Copper Rockfish,Sebastes caurinus,COPP,8826010108,2023,1012,5/26/2023,District 2 - Channel,Channel Islands,Mirage,28054,NMFS,424,F,1,"spent not recent, Dave & Neosha assigned sample # 61 , S5"
202306-1012-28054-COPP-333,Copper Rockfish,Sebastes caurinus,COPP,8826010108,2023,1012,6/4/2023,District 2 - Channel,Channel Islands,Mirage,28054,NMFS,374,F,1,"Dave & Neosha assigned sample # 182 , S7"
202306-1012-28054-COPP-338,Copper Rockfish,Sebastes caurinus,COPP,8826010108,2023,1012,6/4/2023,District 2 - Channel,Channel Islands,Mirage,28054,NMFS,320,M,1,"Dave & Neosha assigned sample # 187 , S"
202307-1012-28054-COPP-482,Copper Rockfish,Sebastes caurinus,COPP,8826010108,2023,1012,7/13/2023,District 2 - Channel,Channel Islands,Mirage,28054,NMFS,423,M,1,"Dave & Neosha assigned sample # 331 , S"
202304-1012-37022-COPP-152,Copper Rockfish,Sebastes caurinus,COPP,8826010108,2023,1012,4/27/2023,District 2 - Channel,Santa Barbara,Stardust,37022,NMFS,NA,F,1,"no length on tag, spent not recent, Dave & Neosha assigned sample # 1 , S5"
202304-1012-37022-COPP-157,Copper Rockfish,Sebastes caurinus,COPP,8826010108,2023,1012,4/27/2023,District 2 - Channel,Santa Barbara,Stardust,37022,NMFS,400,M,1,"Dave & Neosha assigned sample # 6 , S"
202304-1012-37022-COPP-156,Copper Rockfish,Sebastes caurinus,COPP,8826010108,2023,1012,4/27/2023,District 2 - Channel,Santa Barbara,Stardust,37022,NMFS,416,F,1,"Dave & Neosha assigned sample # 5 , S"
202304-1012-37022-COPP-165,Copper Rockfish,Sebastes caurinus,COPP,8826010108,2023,1012,4/27/2023,District 2 - Channel,Santa Barbara,Stardust,37022,NMFS,395,M,1,"Dave & Neosha assigned sample # 14 , S"
202307-1012-28054-COPP-483,Copper Rockfish,Sebastes caurinus,COPP,8826010108,2023,1012,7/13/2023,District 2 - Channel,Channel Islands,Mirage,28054,NMFS,427,F,1,"Dave & Neosha assigned sample # 332 , S7"
202307-1012-28054-COPP-481,Copper Rockfish,Sebastes caurinus,COPP,8826010108,2023,1012,7/13/2023,District 2 - Channel,Channel Islands,Mirage,28054,NMFS,438,F,1,"Dave & Neosha assigned sample # 330 , S7"
202304-1012-28054-COPP-243,Copper Rockfish,Sebastes caurinus,COPP,8826010108,2023,1012,4/29/2023,District 2 - Channel,Channel Islands,Mirage,28054,NMFS,367,F,1,"spent not recent, Dave & Neosha assigned sample # 92 , S5"
202306-1012-28054-COPP-347,Copper Rockfish,Sebastes caurinus,COPP,8826010108,2023,1012,6/16/2023,District 2 - Channel,Channel Islands,Mirage,28054,NMFS,352,M,1,"Dave & Neosha assigned sample # 196 , S"
202307-1012-28054-COPP-477,Copper Rockfish,Sebastes caurinus,COPP,8826010108,2023,1012,7/13/2023,District 2 - Channel,Channel Islands,Mirage,28054,NMFS,376,M,1,"Dave & Neosha assigned sample # 326 , S"
202306-1012-28054-COPP-344,Copper Rockfish,Sebastes caurinus,COPP,8826010108,2023,1012,6/16/2023,District 2 - Channel,Channel Islands,Mirage,28054,NMFS,279,M,0,"Dave & Neosha assigned sample # 193 , S"
202305-1012-28054-COPP-215,Copper Rockfish,Sebastes caurinus,COPP,8826010108,2023,1012,5/26/2023,District 2 - Channel,Channel Islands,Mirage,28054,NMFS,438,F,1,"spent not recent, Dave & Neosha assigned sample # 64 , S5"
202307-1012-28054-COPP-475,Copper Rockfish,Sebastes caurinus,COPP,8826010108,2023,1012,7/13/2023,District 2 - Channel,Channel Islands,Mirage,28054,NMFS,370,F,1,"Dave & Neosha assigned sample # 324 , S7"
202306-1012-28054-COPP-354,Copper Rockfish,Sebastes caurinus,COPP,8826010108,2023,1012,6/16/2023,District 2 - Channel,Channel Islands,Mirage,28054,NMFS,303,F,0,"Dave & Neosha assigned sample # 203 , S1"
202306-1012-28054-COPP-343,Copper Rockfish,Sebastes caurinus,COPP,8826010108,2023,1012,6/16/2023,District 2 - Channel,Channel Islands,Mirage,28054,NMFS,256,M,0,"Dave & Neosha assigned sample # 192 , S"
202307-1012-28054-COPP-476,Copper Rockfish,Sebastes caurinus,COPP,8826010108,2023,1012,7/13/2023,District 2 - Channel,Channel Islands,Mirage,28054,NMFS,394,F,1,"Dave & Neosha assigned sample # 325 , S7"
202307-1012-28054-COPP-478,Copper Rockfish,Sebastes caurinus,COPP,8826010108,2023,1012,7/13/2023,District 2 - Channel,Channel Islands,Mirage,28054,NMFS,405,M,1,"Dave & Neosha assigned sample # 327 , S"
202304-1012-37022-COPP-162,Copper Rockfish,Sebastes caurinus,COPP,8826010108,2023,1012,4/27/2023,District 2 - Channel,Santa Barbara,Stardust,37022,NMFS,422,F,1,"spent not recent, Dave & Neosha assigned sample # 11 , S5"
202306-1012-28054-COPP-355,Copper Rockfish,Sebastes caurinus,COPP,8826010108,2023,1012,6/16/2023,District 2 - Channel,Channel Islands,Mirage,28054,NMFS,227,F,0,"Dave & Neosha assigned sample # 204 , S1"
202307-1012-28054-COPP-472,Copper Rockfish,Sebastes caurinus,COPP,8826010108,2023,1012,7/13/2023,District 2 - Channel,Channel Islands,Mirage,28054,NMFS,419,M,1,"Dave & Neosha assigned sample # 321 , S"
202307-1012-28054-COPP-474,Copper Rockfish,Sebastes caurinus,COPP,8826010108,2023,1012,7/13/2023,District 2 - Channel,Channel Islands,Mirage,28054,NMFS,404,F,1,"Dave & Neosha assigned sample # 323 , S7"
202306-1012-28054-COPP-331,Copper Rockfish,Sebastes caurinus,COPP,8826010108,2023,1012,6/4/2023,District 2 - Channel,Channel Islands,Mirage,28054,NMFS,365,M,1,"Dave & Neosha assigned sample # 180 , S"
202306-1012-28054-COPP-352,Copper Rockfish,Sebastes caurinus,COPP,8826010108,2023,1012,6/16/2023,District 2 - Channel,Channel Islands,Mirage,28054,NMFS,379,F,1,"Dave & Neosha assigned sample # 201 , S7"
202307-1012-28054-COPP-495,Copper Rockfish,Sebastes caurinus,COPP,8826010108,2023,1012,7/28/2023,District 2 - Channel,Channel Islands,Mirage,28054,NMFS,488,F,1,"Dave & Neosha assigned sample # 344 , S7"
202307-1012-28054-COPP-496,Copper Rockfish,Sebastes caurinus,COPP,8826010108,2023,1012,7/28/2023,District 2 - Channel,Channel Islands,Mirage,28054,NMFS,304,M,0,"Dave & Neosha assigned sample # 345 , S"
202307-1012-28054-COPP-491,Copper Rockfish,Sebastes caurinus,COPP,8826010108,2023,1012,7/28/2023,District 2 - Channel,Channel Islands,Mirage,28054,NMFS,460,F,1,"Dave & Neosha assigned sample # 340 , S7"
202306-1012-28054-COPP-337,Copper Rockfish,Sebastes caurinus,COPP,8826010108,2023,1012,6/4/2023,District 2 - Channel,Channel Islands,Mirage,28054,NMFS,375,F,1,"Dave & Neosha assigned sample # 186 , S7"
202307-1012-28054-COPP-497,Copper Rockfish,Sebastes caurinus,COPP,8826010108,2023,1012,7/28/2023,District 2 - Channel,Channel Islands,Mirage,28054,NMFS,300,M,0,"Dave & Neosha assigned sample # 346 , S"
202307-1012-28054-COPP-493,Copper Rockfish,Sebastes caurinus,COPP,8826010108,2023,1012,7/28/2023,District 2 - Channel,Channel Islands,Mirage,28054,NMFS,406,F,1,"Dave & Neosha assigned sample # 342 , S7"
202307-1012-28054-COPP-489,Copper Rockfish,Sebastes caurinus,COPP,8826010108,2023,1012,7/28/2023,District 2 - Channel,Channel Islands,Mirage,28054,NMFS,365,M,1,"Dave & Neosha assigned sample # 338 , S"
202307-1012-28054-COPP-492,Copper Rockfish,Sebastes caurinus,COPP,8826010108,2023,1012,7/28/2023,District 2 - Channel,Channel Islands,Mirage,28054,NMFS,396,F,1,"Dave & Neosha assigned sample # 341 , S7"
202307-1012-28054-COPP-490,Copper Rockfish,Sebastes caurinus,COPP,8826010108,2023,1012,7/28/2023,District 2 - Channel,Channel Islands,Mirage,28054,NMFS,388,M,1,"Dave & Neosha assigned sample # 339 , S"
202307-1012-28054-COPP-487,Copper Rockfish,Sebastes caurinus,COPP,8826010108,2023,1012,7/28/2023,District 2 - Channel,Channel Islands,Mirage,28054,NMFS,321,F,1,"Dave & Neosha assigned sample # 336 , S7"
202306-1012-28054-COPP-334,Copper Rockfish,Sebastes caurinus,COPP,8826010108,2023,1012,6/4/2023,District 2 - Channel,Channel Islands,Mirage,28054,NMFS,375,F,1,"Dave & Neosha assigned sample # 183 , S7"
202306-1012-03233-GBLC-143,Greenblotched Rockfish,Sebastes rosenblatti,GBLC,8826010166,2023,1012,6/23/2023,District 1 - South,San Diego,Premier,3233,NMFS,422,M,0,"Dissected during SOCAL CCFRP training on 6/27 , S"
202306-1012-03233-GBLC-150,Greenblotched Rockfish,Sebastes rosenblatti,GBLC,8826010166,2023,1012,6/23/2023,District 1 - South,San Diego,Premier,3233,NMFS,386,F,1,"Dissected during SOCAL CCFRP training on 6/27, resting , S"
202306-1012-29746-GSPT-445,Greenspotted Rockfish,Sebastes chlorostictus,GSPT,8826010143,2023,1012,6/16/2023,District 4 - San Francisco,Emeryville,Sea Wolf,29746,NMFS,304,F,1,"Dave & Neosha assigned sample # 294 , S7"
202306-1012-29746-GSPT-448,Greenspotted Rockfish,Sebastes chlorostictus,GSPT,8826010143,2023,1012,6/16/2023,District 4 - San Francisco,Emeryville,Sea Wolf,29746,NMFS,286,M,1,"Dave & Neosha assigned sample # 297 , S"
202306-1012-29746-GSPT-447,Greenspotted Rockfish,Sebastes chlorostictus,GSPT,8826010143,2023,1012,6/16/2023,District 4 - San Francisco,Emeryville,Sea Wolf,29746,NMFS,306,F,1,"Dave & Neosha assigned sample # 296 , S7"
202306-1012-29746-GSPT-440,Greenspotted Rockfish,Sebastes chlorostictus,GSPT,8826010143,2023,1012,6/16/2023,District 4 - San Francisco,Emeryville,Sea Wolf,29746,NMFS,294,M,1,"Dave & Neosha assigned sample # 289 , S"
202306-1012-37423-GSPT-293,Greenspotted Rockfish,Sebastes chlorostictus,GSPT,8826010143,2023,1012,6/22/2023,District 4 - San Francisco,Pillar Point,Queen of Hearts,37423,NMFS,340,M,1,"lengths rounded?, Dave & Neosha assigned sample # 142 , S"
202306-1012-37423-GSPT-292,Greenspotted Rockfish,Sebastes chlorostictus,GSPT,8826010143,2023,1012,6/22/2023,District 4 - San Francisco,Pillar Point,Queen of Hearts,37423,NMFS,290,F,0,"lengths rounded?, Dave & Neosha assigned sample # 141 , S1"
202306-1012-37423-GSPT-394,Greenspotted Rockfish,Sebastes chlorostictus,GSPT,8826010143,2023,1012,6/17/2023,District 4 - San Francisco,Pillar Point,Queen of Hearts,37423,NMFS,330,M,0,"lengths rounded to every 5 mm?, Dave & Neosha assigned sample # 243 , S"
202306-1012-29746-GSPT-417,Greenspotted Rockfish,Sebastes chlorostictus,GSPT,8826010143,2023,1012,6/7/2023,District 4 - San Francisco,Emeryville,Sea Wolf,29746,NMFS,256,M,0,"Dave & Neosha assigned sample # 266 , S"
202306-1012-37423-GSPT-393,Greenspotted Rockfish,Sebastes chlorostictus,GSPT,8826010143,2023,1012,6/17/2023,District 4 - San Francisco,Pillar Point,Queen of Hearts,37423,NMFS,340,M,1,"lengths rounded to every 5 mm?, Dave & Neosha assigned sample # 242 , S"
202306-1012-37423-GSPT-392,Greenspotted Rockfish,Sebastes chlorostictus,GSPT,8826010143,2023,1012,6/17/2023,District 4 - San Francisco,Pillar Point,Queen of Hearts,37423,NMFS,280,M,0,"lengths rounded to every 5 mm?, Dave & Neosha assigned sample # 241 , S"
202306-1012-29746-GSPT-446,Greenspotted Rockfish,Sebastes chlorostictus,GSPT,8826010143,2023,1012,6/16/2023,District 4 - San Francisco,Emeryville,Sea Wolf,29746,NMFS,312,M,1,"Dave & Neosha assigned sample # 295 , S"
202306-1012-37423-GSPT-291,Greenspotted Rockfish,Sebastes chlorostictus,GSPT,8826010143,2023,1012,6/22/2023,District 4 - San Francisco,Pillar Point,Queen of Hearts,37423,NMFS,340,F,1,"lengths rounded?, Dave & Neosha assigned sample # 140 , S7"
202306-1012-03233-GSPT-142,Greenspotted Rockfish,Sebastes chlorostictus,GSPT,8826010143,2023,1012,6/23/2023,District 1 - South,San Diego,Premier,3233,NMFS,347,M,0,"Dissected during SOCAL CCFRP training on 6/27 , S"
202306-1012-29746-GSPT-438,Greenspotted Rockfish,Sebastes chlorostictus,GSPT,8826010143,2023,1012,6/16/2023,District 4 - San Francisco,Emeryville,Sea Wolf,29746,NMFS,255,M,0,"Dave & Neosha assigned sample # 287 , S"
202306-1012-29746-GSPT-418,Greenspotted Rockfish,Sebastes chlorostictus,GSPT,8826010143,2023,1012,6/7/2023,District 4 - San Francisco,Emeryville,Sea Wolf,29746,NMFS,235,F,0,"Dave & Neosha assigned sample # 267 , S1"
202306-1012-37423-GSPT-408,Greenspotted Rockfish,Sebastes chlorostictus,GSPT,8826010143,2023,1012,6/26/2023,District 4 - San Francisco,Pillar Point,Queen of Hearts,37423,NMFS,355,M,1,"lengths rounded to every 5 mm?, Dave & Neosha assigned sample # 257 , S"
202306-1012-29746-GSPT-444,Greenspotted Rockfish,Sebastes chlorostictus,GSPT,8826010143,2023,1012,6/16/2023,District 4 - San Francisco,Emeryville,Sea Wolf,29746,NMFS,271,M,0,"Dave & Neosha assigned sample # 293 , S"
202306-1012-29746-GSPT-443,Greenspotted Rockfish,Sebastes chlorostictus,GSPT,8826010143,2023,1012,6/16/2023,District 4 - San Francisco,Emeryville,Sea Wolf,29746,NMFS,258,F,0,"Dave & Neosha assigned sample # 292 , S1"
202306-1012-37423-GSPT-384,Greenspotted Rockfish,Sebastes chlorostictus,GSPT,8826010143,2023,1012,6/16/2023,District 4 - San Francisco,Pillar Point,Queen of Hearts,37423,NMFS,318,F,1,"Dave & Neosha assigned sample # 233 , S7"
202306-1012-03233-GSPT-145,Greenspotted Rockfish,Sebastes chlorostictus,GSPT,8826010143,2023,1012,6/23/2023,District 1 - South,San Diego,Premier,3233,NMFS,331,M,0,"Dissected during SOCAL CCFRP training on 6/27 , S"
202306-1012-29746-GSPT-442,Greenspotted Rockfish,Sebastes chlorostictus,GSPT,8826010143,2023,1012,6/16/2023,District 4 - San Francisco,Emeryville,Sea Wolf,29746,NMFS,334,M,1,"Dave & Neosha assigned sample # 291 , S"
202306-1012-29746-GSPT-416,Greenspotted Rockfish,Sebastes chlorostictus,GSPT,8826010143,2023,1012,6/7/2023,District 4 - San Francisco,Emeryville,Sea Wolf,29746,NMFS,295,F,0,"Dave & Neosha assigned sample # 265 , S1"
202306-1012-37423-GSPT-407,Greenspotted Rockfish,Sebastes chlorostictus,GSPT,8826010143,2023,1012,6/26/2023,District 4 - San Francisco,Pillar Point,Queen of Hearts,37423,NMFS,280,U,UNK,"lengths rounded to every 5 mm?, no gonads, Dave & Neosha assigned sample # 256 , S"
202306-1012-37423-GSPT-406,Greenspotted Rockfish,Sebastes chlorostictus,GSPT,8826010143,2023,1012,6/26/2023,District 4 - San Francisco,Pillar Point,Queen of Hearts,37423,NMFS,310,F,1,"lengths rounded to every 5 mm?, resting transitioning, Dave & Neosha assigned sample # 255 , S7+"
202306-1012-37423-GSPT-409,Greenspotted Rockfish,Sebastes chlorostictus,GSPT,8826010143,2023,1012,6/26/2023,District 4 - San Francisco,Pillar Point,Queen of Hearts,37423,NMFS,295,M,0,"Dave & Neosha assigned sample # 258 , S"
202306-1012-29746-GSPT-439,Greenspotted Rockfish,Sebastes chlorostictus,GSPT,8826010143,2023,1012,6/16/2023,District 4 - San Francisco,Emeryville,Sea Wolf,29746,NMFS,236,F,0,"Dave & Neosha assigned sample # 288 , S1"
202306-1012-29746-GSPT-441,Greenspotted Rockfish,Sebastes chlorostictus,GSPT,8826010143,2023,1012,6/16/2023,District 4 - San Francisco,Emeryville,Sea Wolf,29746,NMFS,303,M,1,"Dave & Neosha assigned sample # 290 , S"
202306-1012-29746-GSPT-437,Greenspotted Rockfish,Sebastes chlorostictus,GSPT,8826010143,2023,1012,6/16/2023,District 4 - San Francisco,Emeryville,Sea Wolf,29746,NMFS,315,M,1,"Dave & Neosha assigned sample # 286 , S"
202306-1012-37423-GSPT-405,Greenspotted Rockfish,Sebastes chlorostictus,GSPT,8826010143,2023,1012,6/26/2023,District 4 - San Francisco,Pillar Point,Queen of Hearts,37423,NMFS,290,U,UNK,"lengths rounded to every 5 mm?, no gonads, Dave & Neosha assigned sample # 254 , S"
202306-1012-37423-GSPT-402,Greenspotted Rockfish,Sebastes chlorostictus,GSPT,8826010143,2023,1012,6/26/2023,District 4 - San Francisco,Pillar Point,Queen of Hearts,37423,NMFS,330,F,1,"lengths rounded to every 5 mm?, Dave & Neosha assigned sample # 251 , S3"
202306-1012-37423-GSPT-386,Greenspotted Rockfish,Sebastes chlorostictus,GSPT,8826010143,2023,1012,6/16/2023,District 4 - San Francisco,Pillar Point,Queen of Hearts,37423,NMFS,332,F,1,"resting transitioning, Dave & Neosha assigned sample # 235 , S7+"
202306-1012-37423-GSPT-400,Greenspotted Rockfish,Sebastes chlorostictus,GSPT,8826010143,2023,1012,6/26/2023,District 4 - San Francisco,Pillar Point,Queen of Hearts,37423,NMFS,355,F,1,"lengths rounded to every 5 mm?, Dave & Neosha assigned sample # 249 , S4"
202306-1012-37423-GSPT-399,Greenspotted Rockfish,Sebastes chlorostictus,GSPT,8826010143,2023,1012,6/26/2023,District 4 - San Francisco,Pillar Point,Queen of Hearts,37423,NMFS,330,F,1,"lengths rounded to every 5 mm?, Dave & Neosha assigned sample # 248 , S3"
202306-1012-03233-GSPT-144,Greenspotted Rockfish,Sebastes chlorostictus,GSPT,8826010143,2023,1012,6/23/2023,District 1 - South,San Diego,Premier,3233,NMFS,341,F,1,"Dissected during SOCAL CCFRP training on 6/27, spent , S"
202306-1012-37423-GSPT-404,Greenspotted Rockfish,Sebastes chlorostictus,GSPT,8826010143,2023,1012,6/26/2023,District 4 - San Francisco,Pillar Point,Queen of Hearts,37423,NMFS,325,F,1,"lengths rounded to every 5 mm?, Dave & Neosha assigned sample # 253 , S7"
202306-1012-37423-GSPT-397,Greenspotted Rockfish,Sebastes chlorostictus,GSPT,8826010143,2023,1012,6/25/2023,District 4 - San Francisco,Pillar Point,Queen of Hearts,37423,NMFS,350,F,1,"lengths rounded to every 5 mm?, Dave & Neosha assigned sample # 246 , S3"
202306-1012-37423-GSPT-383,Greenspotted Rockfish,Sebastes chlorostictus,GSPT,8826010143,2023,1012,6/16/2023,District 4 - San Francisco,Pillar Point,Queen of Hearts,37423,NMFS,305,M,0,"Dave & Neosha assigned sample # 232 , S"
202306-1012-37423-GSPT-403,Greenspotted Rockfish,Sebastes chlorostictus,GSPT,8826010143,2023,1012,6/26/2023,District 4 - San Francisco,Pillar Point,Queen of Hearts,37423,NMFS,330,F,1,"lengths rounded to every 5 mm?, Dave & Neosha assigned sample # 252 , S3"
202306-1012-37423-GSPT-401,Greenspotted Rockfish,Sebastes chlorostictus,GSPT,8826010143,2023,1012,6/26/2023,District 4 - San Francisco,Pillar Point,Queen of Hearts,37423,NMFS,365,F,1,"lengths rounded to every 5 mm?, Dave & Neosha assigned sample # 250 , S4"
202306-1012-37423-GSPT-398,Greenspotted Rockfish,Sebastes chlorostictus,GSPT,8826010143,2023,1012,6/25/2023,District 4 - San Francisco,Pillar Point,Queen of Hearts,37423,NMFS,330,M,UNK,"lengths rounded to every 5 mm?, Dave & Neosha assigned sample # 247 , S"
202306-1012-37423-GSPT-395,Greenspotted Rockfish,Sebastes chlorostictus,GSPT,8826010143,2023,1012,6/25/2023,District 4 - San Francisco,Pillar Point,Queen of Hearts,37423,NMFS,330,U,UNK,"lengths rounded to every 5 mm?, no gonads, Dave & Neosha assigned sample # 244 , S"
202306-1012-37423-GSPT-396,Greenspotted Rockfish,Sebastes chlorostictus,GSPT,8826010143,2023,1012,6/25/2023,District 4 - San Francisco,Pillar Point,Queen of Hearts,37423,NMFS,355,F,1,"lengths rounded to every 5 mm?, Dave & Neosha assigned sample # 245 , S3"
202306-1012-37423-GSPT-385,Greenspotted Rockfish,Sebastes chlorostictus,GSPT,8826010143,2023,1012,6/16/2023,District 4 - San Francisco,Pillar Point,Queen of Hearts,37423,NMFS,308,U,UNK,"no gonads, Dave & Neosha assigned sample # 234 , S"
202306-1012-03233-GSRK-149,Greenstriped Rockfish,Sebastes elongatus,GSRK,8826010112,2023,1012,6/23/2023,District 1 - South,San Diego,Premier,3233,NMFS,274,F,1,"Dissected during SOCAL CCFRP training on 6/27, spent/resting , S"
202306-1012-03233-GSRK-151,Greenstriped Rockfish,Sebastes elongatus,GSRK,8826010112,2023,1012,6/23/2023,District 1 - South,San Diego,Premier,3233,NMFS,240,M,0,"Dissected during SOCAL CCFRP training on 6/27 , S"
202306-1012-03233-MXRF-146,Mexican Rockfish,Sebastes macdonaldi,MXRF,8826010150,2023,1012,6/23/2023,District 1 - South,San Diego,Premier,3233,NMFS,316,M,1,"Dissected during SOCAL CCFRP training on 6/27, white/cream , S"
202306-1012-03233-MXRF-148,Mexican Rockfish,Sebastes macdonaldi,MXRF,8826010150,2023,1012,6/23/2023,District 1 - South,San Diego,Premier,3233,NMFS,344,F,1,"Dissected during SOCAL CCFRP training on 6/27, spent/resting , S"
202306-1012-03233-MXRF-147,Mexican Rockfish,Sebastes macdonaldi,MXRF,8826010150,2023,1012,6/23/2023,District 1 - South,San Diego,Premier,3233,NMFS,334,M,1,"Dissected during SOCAL CCFRP training on 6/27, otolith ostrum broken , S"
202307-1012-28054-OLVE-463,Olive Rockfish,Sebastes serranoides,OLVE,8826010158,2023,1012,7/13/2023,District 2 - Channel,Channel Islands,Mirage,28054,NMFS,379,M,1,"Dave & Neosha assigned sample # 312 , S"
202307-1012-28054-OLVE-470,Olive Rockfish,Sebastes serranoides,OLVE,8826010158,2023,1012,7/13/2023,District 2 - Channel,Channel Islands,Mirage,28054,NMFS,438,M,1,"Dave & Neosha assigned sample # 319 , S"
202306-1012-28054-OLVE-357,Olive Rockfish,Sebastes serranoides,OLVE,8826010158,2023,1012,6/16/2023,District 2 - Channel,Channel Islands,Mirage,28054,NMFS,419,F,1,"Dave & Neosha assigned sample # 206 , S7"
202306-1012-28054-OLVE-367,Olive Rockfish,Sebastes serranoides,OLVE,8826010158,2023,1012,6/16/2023,District 2 - Channel,Channel Islands,Mirage,28054,NMFS,305,M,0,"Dave & Neosha assigned sample # 216 , S"
202306-1012-28054-OLVE-364,Olive Rockfish,Sebastes serranoides,OLVE,8826010158,2023,1012,6/16/2023,District 2 - Channel,Channel Islands,Mirage,28054,NMFS,355,F,1,"Dave & Neosha assigned sample # 213 , S7"
202307-1012-28054-OLVE-462,Olive Rockfish,Sebastes serranoides,OLVE,8826010158,2023,1012,7/13/2023,District 2 - Channel,Channel Islands,Mirage,28054,NMFS,418,M,1,"Dave & Neosha assigned sample # 311 , S"
202306-1012-28054-OLVE-362,Olive Rockfish,Sebastes serranoides,OLVE,8826010158,2023,1012,6/16/2023,District 2 - Channel,Channel Islands,Mirage,28054,NMFS,319,M,0,"Dave & Neosha assigned sample # 211 , S"
202307-1012-28054-OLVE-464,Olive Rockfish,Sebastes serranoides,OLVE,8826010158,2023,1012,7/13/2023,District 2 - Channel,Channel Islands,Mirage,28054,NMFS,325,M,0,"Dave & Neosha assigned sample # 313 , S"
202307-1012-28054-OLVE-460,Olive Rockfish,Sebastes serranoides,OLVE,8826010158,2023,1012,7/13/2023,District 2 - Channel,Channel Islands,Mirage,28054,NMFS,459,F,1,"Dave & Neosha assigned sample # 309 , S7"
202306-1012-28054-OLVE-363,Olive Rockfish,Sebastes serranoides,OLVE,8826010158,2023,1012,6/16/2023,District 2 - Channel,Channel Islands,Mirage,28054,NMFS,337,F,1,"Dave & Neosha assigned sample # 212 , S7"
202307-1012-28054-OLVE-461,Olive Rockfish,Sebastes serranoides,OLVE,8826010158,2023,1012,7/13/2023,District 2 - Channel,Channel Islands,Mirage,28054,NMFS,540,F,1,"Dave & Neosha assigned sample # 310 , S7"
202306-1012-28054-OLVE-361,Olive Rockfish,Sebastes serranoides,OLVE,8826010158,2023,1012,6/16/2023,District 2 - Channel,Channel Islands,Mirage,28054,NMFS,419,F,1,"Dave & Neosha assigned sample # 210 , S7"
202307-1012-28054-OLVE-469,Olive Rockfish,Sebastes serranoides,OLVE,8826010158,2023,1012,7/13/2023,District 2 - Channel,Channel Islands,Mirage,28054,NMFS,394,M,1,"Dave & Neosha assigned sample # 318 , S"
202306-1012-28054-OLVE-360,Olive Rockfish,Sebastes serranoides,OLVE,8826010158,2023,1012,6/16/2023,District 2 - Channel,Channel Islands,Mirage,28054,NMFS,370,F,1,"Dave & Neosha assigned sample # 209 , S7"
202306-1012-28054-OLVE-359,Olive Rockfish,Sebastes serranoides,OLVE,8826010158,2023,1012,6/16/2023,District 2 - Channel,Channel Islands,Mirage,28054,NMFS,320,F,1,"Dave & Neosha assigned sample # 208 , S7"
202307-1012-28054-OLVE-471,Olive Rockfish,Sebastes serranoides,OLVE,8826010158,2023,1012,7/13/2023,District 2 - Channel,Channel Islands,Mirage,28054,NMFS,365,M,1,"Dave & Neosha assigned sample # 320 , S"
202306-1012-28054-OLVE-358,Olive Rockfish,Sebastes serranoides,OLVE,8826010158,2023,1012,6/16/2023,District 2 - Channel,Channel Islands,Mirage,28054,NMFS,321,M,0,"Dave & Neosha assigned sample # 207 , S"
202307-1012-28054-OLVE-465,Olive Rockfish,Sebastes serranoides,OLVE,8826010158,2023,1012,7/13/2023,District 2 - Channel,Channel Islands,Mirage,28054,NMFS,453,F,1,"Dave & Neosha assigned sample # 314 , S7"
202306-1012-28054-OLVE-365,Olive Rockfish,Sebastes serranoides,OLVE,8826010158,2023,1012,6/16/2023,District 2 - Channel,Channel Islands,Mirage,28054,NMFS,337,M,1,"Dave & Neosha assigned sample # 214 , S"
202307-1012-28054-OLVE-467,Olive Rockfish,Sebastes serranoides,OLVE,8826010158,2023,1012,7/13/2023,District 2 - Channel,Channel Islands,Mirage,28054,NMFS,302,F,0,"Dave & Neosha assigned sample # 316 , S1"
202307-1012-28054-OLVE-466,Olive Rockfish,Sebastes serranoides,OLVE,8826010158,2023,1012,7/13/2023,District 2 - Channel,Channel Islands,Mirage,28054,NMFS,460,F,1,"Dave & Neosha assigned sample # 315 , S7"
202307-1012-28054-OLVE-468,Olive Rockfish,Sebastes serranoides,OLVE,8826010158,2023,1012,7/13/2023,District 2 - Channel,Channel Islands,Mirage,28054,NMFS,395,M,1,"Dave & Neosha assigned sample # 317 , S"
202306-1012-28054-OLVE-366,Olive Rockfish,Sebastes serranoides,OLVE,8826010158,2023,1012,6/16/2023,District 2 - Channel,Channel Islands,Mirage,28054,NMFS,428,F,1,"Dave & Neosha assigned sample # 215 , S7"
202306-1012-28054-OLVE-356,Olive Rockfish,Sebastes serranoides,OLVE,8826010158,2023,1012,6/16/2023,District 2 - Channel,Channel Islands,Mirage,28054,NMFS,279,M,0,"Dave & Neosha assigned sample # 205 , S"
202306-1012-28054-OLVE-368,Olive Rockfish,Sebastes serranoides,OLVE,8826010158,2023,1012,6/16/2023,District 2 - Channel,Channel Islands,Mirage,28054,NMFS,286,F,0,"Dave & Neosha assigned sample # 217 , S1"
202306-1012-29746-SPKL-457,Speckled Rockfish,Sebastes ovalis,SPKL,8826010152,2023,1012,6/22/2023,District 4 - San Francisco,Emeryville,Sea Wolf,29746,NMFS,424,F,1,"Dave & Neosha assigned sample # 306 , S7"
202306-1012-29746-SPKL-456,Speckled Rockfish,Sebastes ovalis,SPKL,8826010152,2023,1012,6/22/2023,District 4 - San Francisco,Emeryville,Sea Wolf,29746,NMFS,401,F,1,"Dave & Neosha assigned sample # 305 , S7"
202306-1012-29746-STAR-414,Starry Rockfish,Sebastes constellatus,STAR,8826010144,2023,1012,6/7/2023,District 4 - San Francisco,Emeryville,Sea Wolf,29746,NMFS,233,M,0,"Dave & Neosha assigned sample # 263 , S"
202306-1012-29746-STAR-459,Starry Rockfish,Sebastes constellatus,STAR,8826010144,2023,1012,6/22/2023,District 4 - San Francisco,Emeryville,Sea Wolf,29746,NMFS,270,F,0,"Dave & Neosha assigned sample # 308 , S1"
202306-1012-29746-STAR-410,Starry Rockfish,Sebastes constellatus,STAR,8826010144,2023,1012,6/7/2023,District 4 - San Francisco,Emeryville,Sea Wolf,29746,NMFS,295,M,1,"Dave & Neosha assigned sample # 259 , S"
202306-1012-29746-STAR-413,Starry Rockfish,Sebastes constellatus,STAR,8826010144,2023,1012,6/7/2023,District 4 - San Francisco,Emeryville,Sea Wolf,29746,NMFS,253,M,0,"Dave & Neosha assigned sample # 262 , S"
202306-1012-29746-STAR-412,Starry Rockfish,Sebastes constellatus,STAR,8826010144,2023,1012,6/7/2023,District 4 - San Francisco,Emeryville,Sea Wolf,29746,NMFS,268,F,0,"Dave & Neosha assigned sample # 261 , S1"
202306-1012-29746-STAR-411,Starry Rockfish,Sebastes constellatus,STAR,8826010144,2023,1012,6/7/2023,District 4 - San Francisco,Emeryville,Sea Wolf,29746,NMFS,256,F,0,"Dave & Neosha assigned sample # 260 , S1"
202306-1012-29746-STAR-415,Starry Rockfish,Sebastes constellatus,STAR,8826010144,2023,1012,6/7/2023,District 4 - San Francisco,Emeryville,Sea Wolf,29746,NMFS,271,F,0,"Dave & Neosha assigned sample # 264 , S1"
202306-1012-29746-STAR-458,Starry Rockfish,Sebastes constellatus,STAR,8826010144,2023,1012,6/22/2023,District 4 - San Francisco,Emeryville,Sea Wolf,29746,NMFS,257,F,0,"Dave & Neosha assigned sample # 307 , S1"
202306-1012-05978-VRML-295,Vermilion Rockfish,Sebastes miniatus,VRML,8826010123,2023,1012,6/9/2023,District 5 - Wine,Shelter Cove,Sea Hawk,5978,NMFS,466,M,1,"ripe testes, Dave & Neosha assigned sample # 144 , S"
202305-1012-28054-VRML-205,Vermilion Rockfish,Sebastes miniatus,VRML,8826010123,2023,1012,5/14/2023,District 2 - Channel,Channel Islands,Mirage,28054,NMFS,438,F,1,"spent not recent, Dave & Neosha assigned sample # 54 , S5"
202305-1012-28054-VRML-204,Vermilion Rockfish,Sebastes miniatus,VRML,8826010123,2023,1012,5/14/2023,District 2 - Channel,Channel Islands,Mirage,28054,NMFS,440,M,1,"Dave & Neosha assigned sample # 53 , S"
202305-1012-28054-VRML-202,Vermilion Rockfish,Sebastes miniatus,VRML,8826010123,2023,1012,5/14/2023,District 2 - Channel,Channel Islands,Mirage,28054,NMFS,450,M,1,"ripe testes, Dave & Neosha assigned sample # 51 , S"
202306-1012-05978-VRML-297,Vermilion Rockfish,Sebastes miniatus,VRML,8826010123,2023,1012,6/9/2023,District 5 - Wine,Shelter Cove,Sea Hawk,5978,NMFS,420,F,1,"Dave & Neosha assigned sample # 146 , S7"
202304-1012-28054-VRML-228,Vermilion Rockfish,Sebastes miniatus,VRML,8826010123,2023,1012,4/28/2023,District 2 - Channel,Channel Islands,Mirage,28054,NMFS,441,M,1,"ripe, Dave & Neosha assigned sample # 77 , S"
202306-1012-05978-VRML-301,Vermilion Rockfish,Sebastes miniatus,VRML,8826010123,2023,1012,6/9/2023,District 5 - Wine,Shelter Cove,Sea Hawk,5978,NMFS,525,M,1,"ripe & running testes, Dave & Neosha assigned sample # 150 , S"
202305-1012-28054-VRML-201,Vermilion Rockfish,Sebastes miniatus,VRML,8826010123,2023,1012,5/14/2023,District 2 - Channel,Channel Islands,Mirage,28054,NMFS,474,M,1,"ripe testes, Dave & Neosha assigned sample # 50 , S"
202306-1012-05978-VRML-309,Vermilion Rockfish,Sebastes miniatus,VRML,8826010123,2023,1012,6/13/2023,District 5 - Wine,Shelter Cove,Sea Hawk,5978,NMFS,425,M,1,"ripe & running testes, Dave & Neosha assigned sample # 158 , S"
202306-1012-05978-VRML-296,Vermilion Rockfish,Sebastes miniatus,VRML,8826010123,2023,1012,6/9/2023,District 5 - Wine,Shelter Cove,Sea Hawk,5978,NMFS,499,M,1,"ripe & running testes, Dave & Neosha assigned sample # 145 , S"
202306-1012-05978-VRML-302,Vermilion Rockfish,Sebastes miniatus,VRML,8826010123,2023,1012,6/9/2023,District 5 - Wine,Shelter Cove,Sea Hawk,5978,NMFS,495,M,1,"ripe & running testes, Dave & Neosha assigned sample # 151 , S"
202305-1012-28054-VRML-203,Vermilion Rockfish,Sebastes miniatus,VRML,8826010123,2023,1012,5/14/2023,District 2 - Channel,Channel Islands,Mirage,28054,NMFS,468,M,1,"ripe testes, Dave & Neosha assigned sample # 52 , S"
202306-1012-05978-VRML-298,Vermilion Rockfish,Sebastes miniatus,VRML,8826010123,2023,1012,6/9/2023,District 5 - Wine,Shelter Cove,Sea Hawk,5978,NMFS,515,M,1,"ripe & running testes, Dave & Neosha assigned sample # 147 , S"
202306-1012-05978-VRML-308,Vermilion Rockfish,Sebastes miniatus,VRML,8826010123,2023,1012,6/12/2023,District 5 - Wine,Shelter Cove,Sea Hawk,5978,NMFS,513,M,1,"ripe & running testes, Dave & Neosha assigned sample # 157 , S"
202306-1012-05978-VRML-310,Vermilion Rockfish,Sebastes miniatus,VRML,8826010123,2023,1012,6/13/2023,District 5 - Wine,Shelter Cove,Sea Hawk,5978,NMFS,387,F,1,"Dave & Neosha assigned sample # 159 , S2-"
202306-1012-05978-VRML-303,Vermilion Rockfish,Sebastes miniatus,VRML,8826010123,2023,1012,6/9/2023,District 5 - Wine,Shelter Cove,Sea Hawk,5978,NMFS,408,M,1,"ripe & running testes, Dave & Neosha assigned sample # 152 , S"
202306-1012-05978-VRML-311,Vermilion Rockfish,Sebastes miniatus,VRML,8826010123,2023,1012,6/13/2023,District 5 - Wine,Shelter Cove,Sea Hawk,5978,NMFS,397,F,1,"Dave & Neosha assigned sample # 160 , S2-"
202305-1012-28054-VRML-200,Vermilion Rockfish,Sebastes miniatus,VRML,8826010123,2023,1012,5/14/2023,District 2 - Channel,Channel Islands,Mirage,28054,NMFS,451,M,1,"ripe testes, Dave & Neosha assigned sample # 49 , S"
202304-1012-28054-VRML-226,Vermilion Rockfish,Sebastes miniatus,VRML,8826010123,2023,1012,4/28/2023,District 2 - Channel,Channel Islands,Mirage,28054,NMFS,445,F,1,"spent not recent, Dave & Neosha assigned sample # 75 , S5"
202306-1012-05978-VRML-294,Vermilion Rockfish,Sebastes miniatus,VRML,8826010123,2023,1012,6/9/2023,District 5 - Wine,Shelter Cove,Sea Hawk,5978,NMFS,485,M,1,"ripe & running testes, Dave & Neosha assigned sample # 143 , S"
202306-1012-05978-VRML-313,Vermilion Rockfish,Sebastes miniatus,VRML,8826010123,2023,1012,6/13/2023,District 5 - Wine,Shelter Cove,Sea Hawk,5978,NMFS,396,M,1,"ripe & running testes, Dave & Neosha assigned sample # 162 , S"
202305-1012-28054-VRML-194,Vermilion Rockfish,Sebastes miniatus,VRML,8826010123,2023,1012,5/14/2023,District 2 - Channel,Channel Islands,Mirage,28054,NMFS,425,F,1,"spent not recent, Dave & Neosha assigned sample # 43 , S5"
202305-1012-28054-VRML-199,Vermilion Rockfish,Sebastes miniatus,VRML,8826010123,2023,1012,5/14/2023,District 2 - Channel,Channel Islands,Mirage,28054,NMFS,439,F,1,"spent not recent, Dave & Neosha assigned sample # 48 , S5"
202306-1012-05978-VRML-307,Vermilion Rockfish,Sebastes miniatus,VRML,8826010123,2023,1012,6/12/2023,District 5 - Wine,Shelter Cove,Sea Hawk,5978,NMFS,480,M,1,"ripe, Dave & Neosha assigned sample # 156 , S"
202305-1012-28054-VRML-198,Vermilion Rockfish,Sebastes miniatus,VRML,8826010123,2023,1012,5/14/2023,District 2 - Channel,Channel Islands,Mirage,28054,NMFS,425,M,1,"ripe testes, Dave & Neosha assigned sample # 47 , S"
202306-1012-05978-VRML-299,Vermilion Rockfish,Sebastes miniatus,VRML,8826010123,2023,1012,6/9/2023,District 5 - Wine,Shelter Cove,Sea Hawk,5978,NMFS,455,M,1,"ripe & running testes, Dave & Neosha assigned sample # 148 , S"
202306-1012-05978-VRML-300,Vermilion Rockfish,Sebastes miniatus,VRML,8826010123,2023,1012,6/9/2023,District 5 - Wine,Shelter Cove,Sea Hawk,5978,NMFS,514,F,1,"resting transitioning, Dave & Neosha assigned sample # 149 , S7+"
202304-1012-28054-VRML-220,Vermilion Rockfish,Sebastes miniatus,VRML,8826010123,2023,1012,4/28/2023,District 2 - Channel,Channel Islands,Mirage,28054,NMFS,394,F,1,"spent not recent, Dave & Neosha assigned sample # 69 , S5"
202306-1012-05978-VRML-314,Vermilion Rockfish,Sebastes miniatus,VRML,8826010123,2023,1012,6/13/2023,District 5 - Wine,Shelter Cove,Sea Hawk,5978,NMFS,412,M,1,"ripe & running testes, Dave & Neosha assigned sample # 163 , S"
202305-1012-28054-VRML-195,Vermilion Rockfish,Sebastes miniatus,VRML,8826010123,2023,1012,5/14/2023,District 2 - Channel,Channel Islands,Mirage,28054,NMFS,472,F,1,"spent not recent, Dave & Neosha assigned sample # 44 , S5"
202305-1012-28054-VRML-196,Vermilion Rockfish,Sebastes miniatus,VRML,8826010123,2023,1012,5/14/2023,District 2 - Channel,Channel Islands,Mirage,28054,NMFS,455,F,1,"spent not recent, Dave & Neosha assigned sample # 45 , S5"
202304-1012-28054-VRML-225,Vermilion Rockfish,Sebastes miniatus,VRML,8826010123,2023,1012,4/28/2023,District 2 - Channel,Channel Islands,Mirage,28054,NMFS,563,F,1,"spent not recent, Dave & Neosha assigned sample # 74 , S5"
202305-1012-28054-VRML-197,Vermilion Rockfish,Sebastes miniatus,VRML,8826010123,2023,1012,5/14/2023,District 2 - Channel,Channel Islands,Mirage,28054,NMFS,389,F,1,"spent not recent, Dave & Neosha assigned sample # 46 , S5"
202306-1012-05978-VRML-304,Vermilion Rockfish,Sebastes miniatus,VRML,8826010123,2023,1012,6/12/2023,District 5 - Wine,Shelter Cove,Sea Hawk,5978,NMFS,414,F,1,"Dave & Neosha assigned sample # 153 , S2-"
202306-1012-05978-VRML-306,Vermilion Rockfish,Sebastes miniatus,VRML,8826010123,2023,1012,6/12/2023,District 5 - Wine,Shelter Cove,Sea Hawk,5978,NMFS,538,F,1,"resting transitioning, Dave & Neosha assigned sample # 155 , S7+"
202305-1012-28054-VRML-193,Vermilion Rockfish,Sebastes miniatus,VRML,8826010123,2023,1012,5/14/2023,District 2 - Channel,Channel Islands,Mirage,28054,NMFS,413,M,1,"ripe testes, Dave & Neosha assigned sample # 42 , S"
202306-1012-05978-VRML-315,Vermilion Rockfish,Sebastes miniatus,VRML,8826010123,2023,1012,6/13/2023,District 5 - Wine,Shelter Cove,Sea Hawk,5978,NMFS,514,M,1,"ripe & running testes, Dave & Neosha assigned sample # 164 , S"
202304-1012-28054-VRML-221,Vermilion Rockfish,Sebastes miniatus,VRML,8826010123,2023,1012,4/28/2023,District 2 - Channel,Channel Islands,Mirage,28054,NMFS,430,M,1,"ripe, Dave & Neosha assigned sample # 70 , S"
202304-1012-28054-VRML-224,Vermilion Rockfish,Sebastes miniatus,VRML,8826010123,2023,1012,4/28/2023,District 2 - Channel,Channel Islands,Mirage,28054,NMFS,480,M,1,"ripe, Dave & Neosha assigned sample # 73 , S"
202306-1012-05978-VRML-305,Vermilion Rockfish,Sebastes miniatus,VRML,8826010123,2023,1012,6/12/2023,District 5 - Wine,Shelter Cove,Sea Hawk,5978,NMFS,504,F,1,"resting transitioning, Dave & Neosha assigned sample # 154 , S7+"
202306-1012-05978-VRML-312,Vermilion Rockfish,Sebastes miniatus,VRML,8826010123,2023,1012,6/13/2023,District 5 - Wine,Shelter Cove,Sea Hawk,5978,NMFS,439,F,1,"Dave & Neosha assigned sample # 161 , S2-"
202304-1012-28054-VRML-230,Vermilion Rockfish,Sebastes miniatus,VRML,8826010123,2023,1012,4/28/2023,District 2 - Channel,Channel Islands,Mirage,28054,NMFS,380,M,1,"ripe, Dave & Neosha assigned sample # 79 , S"
202304-1012-28054-VRML-231,Vermilion Rockfish,Sebastes miniatus,VRML,8826010123,2023,1012,4/28/2023,District 2 - Channel,Channel Islands,Mirage,28054,NMFS,402,M,1,"ripe, Dave & Neosha assigned sample # 80 , S"
202304-1012-28054-VRML-218,Vermilion Rockfish,Sebastes miniatus,VRML,8826010123,2023,1012,4/28/2023,District 2 - Channel,Channel Islands,Mirage,28054,NMFS,383,M,1,"Dave & Neosha assigned sample # 67 , S"
202304-1012-28054-VRML-229,Vermilion Rockfish,Sebastes miniatus,VRML,8826010123,2023,1012,4/28/2023,District 2 - Channel,Channel Islands,Mirage,28054,NMFS,396,F,1,"spent not recent, Dave & Neosha assigned sample # 78 , S5"
202306-1012-05978-VRML-254,Vermilion Rockfish,Sebastes miniatus,VRML,8826010123,2023,1012,6/8/2023,District 5 - Wine,Shelter Cove,Sea Hawk,5978,NMFS,520,M,1,"ripe testes, Dave & Neosha assigned sample # 103 , S"
202304-1012-28054-VRML-227,Vermilion Rockfish,Sebastes miniatus,VRML,8826010123,2023,1012,4/28/2023,District 2 - Channel,Channel Islands,Mirage,28054,NMFS,411,M,1,"ripe, Dave & Neosha assigned sample # 76 , S"
202304-1012-28054-VRML-222,Vermilion Rockfish,Sebastes miniatus,VRML,8826010123,2023,1012,4/28/2023,District 2 - Channel,Channel Islands,Mirage,28054,NMFS,440,F,1,"spent not recent, Dave & Neosha assigned sample # 71 , S5"
202304-1012-28054-VRML-219,Vermilion Rockfish,Sebastes miniatus,VRML,8826010123,2023,1012,4/28/2023,District 2 - Channel,Channel Islands,Mirage,28054,NMFS,426,F,1,"Dave & Neosha assigned sample # 68 , S7"
202306-1012-05978-VRML-255,Vermilion Rockfish,Sebastes miniatus,VRML,8826010123,2023,1012,6/8/2023,District 5 - Wine,Shelter Cove,Sea Hawk,5978,NMFS,397,F,1,"resting early transitioning, Dave & Neosha assigned sample # 104 , S7+"
202306-1012-05978-VRML-316,Vermilion Rockfish,Sebastes miniatus,VRML,8826010123,2023,1012,6/13/2023,District 5 - Wine,Shelter Cove,Sea Hawk,5978,NMFS,494,M,1,"ripe & running testes, Dave & Neosha assigned sample # 165 , S"
202304-1012-28054-VRML-223,Vermilion Rockfish,Sebastes miniatus,VRML,8826010123,2023,1012,4/28/2023,District 2 - Channel,Channel Islands,Mirage,28054,NMFS,410,M,1,"ripe, Dave & Neosha assigned sample # 72 , S"
202306-1012-05978-YTRK-246,Yellowtail Rockfish,Sebastes flavidus,YTRK,8826010115,2023,1012,6/8/2023,District 5 - Wine,Shelter Cove,Sea Hawk,5978,NMFS,374,F,1,"Dave & Neosha assigned sample # 95 , S7"
202306-1012-05978-YTRK-250,Yellowtail Rockfish,Sebastes flavidus,YTRK,8826010115,2023,1012,6/8/2023,District 5 - Wine,Shelter Cove,Sea Hawk,5978,NMFS,435,F,1,"Dave & Neosha assigned sample # 99 , S7"
202306-1012-05978-YTRK-251,Yellowtail Rockfish,Sebastes flavidus,YTRK,8826010115,2023,1012,6/8/2023,District 5 - Wine,Shelter Cove,Sea Hawk,5978,NMFS,401,F,1,"Dave & Neosha assigned sample # 100 , S7"
202306-1012-05978-YTRK-248,Yellowtail Rockfish,Sebastes flavidus,YTRK,8826010115,2023,1012,6/8/2023,District 5 - Wine,Shelter Cove,Sea Hawk,5978,NMFS,437,F,1,"Dave & Neosha assigned sample # 97 , S7"
202306-1012-05978-YTRK-262,Yellowtail Rockfish,Sebastes flavidus,YTRK,8826010115,2023,1012,6/10/2023,District 5 - Wine,Shelter Cove,Sea Hawk,5978,NMFS,418,F,1,"Dave & Neosha assigned sample # 111 , S7"
202306-1012-05978-YTRK-245,Yellowtail Rockfish,Sebastes flavidus,YTRK,8826010115,2023,1012,6/8/2023,District 5 - Wine,Shelter Cove,Sea Hawk,5978,NMFS,391,M,1,"Dave & Neosha assigned sample # 94 , S"
202306-1012-05978-YTRK-256,Yellowtail Rockfish,Sebastes flavidus,YTRK,8826010115,2023,1012,6/10/2023,District 5 - Wine,Shelter Cove,Sea Hawk,5978,NMFS,456,F,1,"Dave & Neosha assigned sample # 105 , S7"
202306-1012-05978-YTRK-258,Yellowtail Rockfish,Sebastes flavidus,YTRK,8826010115,2023,1012,6/10/2023,District 5 - Wine,Shelter Cove,Sea Hawk,5978,NMFS,477,F,1,"Dave & Neosha assigned sample # 107 , S7"
202306-1012-05978-YTRK-260,Yellowtail Rockfish,Sebastes flavidus,YTRK,8826010115,2023,1012,6/10/2023,District 5 - Wine,Shelter Cove,Sea Hawk,5978,NMFS,468,F,1,"Dave & Neosha assigned sample # 109 , S7"
202306-1012-05978-YTRK-244,Yellowtail Rockfish,Sebastes flavidus,YTRK,8826010115,2023,1012,6/8/2023,District 5 - Wine,Shelter Cove,Sea Hawk,5978,NMFS,470,F,1,"Dave & Neosha assigned sample # 93 , S7"
202306-1012-29746-YTRK-421,Yellowtail Rockfish,Sebastes flavidus,YTRK,8826010115,2023,1012,6/8/2023,District 4 - San Francisco,Emeryville,Sea Wolf,29746,NMFS,359,M,1,"Dave & Neosha assigned sample # 270 , S"
202306-1012-05978-YTRK-252,Yellowtail Rockfish,Sebastes flavidus,YTRK,8826010115,2023,1012,6/8/2023,District 5 - Wine,Shelter Cove,Sea Hawk,5978,NMFS,455,F,1,"Dave & Neosha assigned sample # 101 , S7"
202306-1012-05978-YTRK-253,Yellowtail Rockfish,Sebastes flavidus,YTRK,8826010115,2023,1012,6/8/2023,District 5 - Wine,Shelter Cove,Sea Hawk,5978,NMFS,444,F,1,"Dave & Neosha assigned sample # 102 , S7"
202306-1012-29746-YTRK-423,Yellowtail Rockfish,Sebastes flavidus,YTRK,8826010115,2023,1012,6/8/2023,District 4 - San Francisco,Emeryville,Sea Wolf,29746,NMFS,368,M,1,"Dave & Neosha assigned sample # 272 , S"
202306-1012-05978-YTRK-249,Yellowtail Rockfish,Sebastes flavidus,YTRK,8826010115,2023,1012,6/8/2023,District 5 - Wine,Shelter Cove,Sea Hawk,5978,NMFS,350,M,0,"Dave & Neosha assigned sample # 98 , S"
202306-1012-37423-YTRK-290,Yellowtail Rockfish,Sebastes flavidus,YTRK,8826010115,2023,1012,6/22/2023,District 4 - San Francisco,Pillar Point,Queen of Hearts,37423,NMFS,300,M,0,"lengths rounded?, Dave & Neosha assigned sample # 139 , S"
202306-1012-37423-YTRK-371,Yellowtail Rockfish,Sebastes flavidus,YTRK,8826010115,2023,1012,6/16/2023,District 4 - San Francisco,Pillar Point,Queen of Hearts,37423,NMFS,331,M,0,"Dave & Neosha assigned sample # 220 , S"
202306-1012-05978-YTRK-259,Yellowtail Rockfish,Sebastes flavidus,YTRK,8826010115,2023,1012,6/10/2023,District 5 - Wine,Shelter Cove,Sea Hawk,5978,NMFS,443,F,1,"Dave & Neosha assigned sample # 108 , S7"
202306-1012-37423-YTRK-378,Yellowtail Rockfish,Sebastes flavidus,YTRK,8826010115,2023,1012,6/16/2023,District 4 - San Francisco,Pillar Point,Queen of Hearts,37423,NMFS,374,M,1,"Dave & Neosha assigned sample # 227 , S"
202306-1012-37423-YTRK-289,Yellowtail Rockfish,Sebastes flavidus,YTRK,8826010115,2023,1012,6/22/2023,District 4 - San Francisco,Pillar Point,Queen of Hearts,37423,NMFS,470,F,1,"lengths rounded?, Dave & Neosha assigned sample # 138 , S7"
202306-1012-29746-YTRK-430,Yellowtail Rockfish,Sebastes flavidus,YTRK,8826010115,2023,1012,6/8/2023,District 4 - San Francisco,Emeryville,Sea Wolf,29746,NMFS,402,M,1,"Dave & Neosha assigned sample # 279 , S"
202306-1012-05978-YTRK-261,Yellowtail Rockfish,Sebastes flavidus,YTRK,8826010115,2023,1012,6/10/2023,District 5 - Wine,Shelter Cove,Sea Hawk,5978,NMFS,400,F,1,"Dave & Neosha assigned sample # 110 , S7"
202306-1012-05978-YTRK-247,Yellowtail Rockfish,Sebastes flavidus,YTRK,8826010115,2023,1012,6/8/2023,District 5 - Wine,Shelter Cove,Sea Hawk,5978,NMFS,415,M,1,"Dave & Neosha assigned sample # 96 , S"
202306-1012-37423-YTRK-391,Yellowtail Rockfish,Sebastes flavidus,YTRK,8826010115,2023,1012,6/17/2023,District 4 - San Francisco,Pillar Point,Queen of Hearts,37423,NMFS,310,M,1,"lengths rounded to every 5 mm?, Dave & Neosha assigned sample # 240 , S"
202306-1012-29746-YTRK-422,Yellowtail Rockfish,Sebastes flavidus,YTRK,8826010115,2023,1012,6/8/2023,District 4 - San Francisco,Emeryville,Sea Wolf,29746,NMFS,404,F,1,"Dave & Neosha assigned sample # 271 , S7"
202306-1012-37423-YTRK-287,Yellowtail Rockfish,Sebastes flavidus,YTRK,8826010115,2023,1012,6/22/2023,District 4 - San Francisco,Pillar Point,Queen of Hearts,37423,NMFS,360,F,0,"lengths rounded?, Dave & Neosha assigned sample # 136 , S1"
202306-1012-29746-YTRK-436,Yellowtail Rockfish,Sebastes flavidus,YTRK,8826010115,2023,1012,6/16/2023,District 4 - San Francisco,Emeryville,Sea Wolf,29746,NMFS,322,F,0,"Dave & Neosha assigned sample # 285 , S1"
202306-1012-29746-YTRK-420,Yellowtail Rockfish,Sebastes flavidus,YTRK,8826010115,2023,1012,6/8/2023,District 4 - San Francisco,Emeryville,Sea Wolf,29746,NMFS,397,F,1,"Dave & Neosha assigned sample # 269 , S7"
202306-1012-37423-YTRK-376,Yellowtail Rockfish,Sebastes flavidus,YTRK,8826010115,2023,1012,6/16/2023,District 4 - San Francisco,Pillar Point,Queen of Hearts,37423,NMFS,425,F,1,"Dave & Neosha assigned sample # 225 , S7"
202306-1012-37423-YTRK-379,Yellowtail Rockfish,Sebastes flavidus,YTRK,8826010115,2023,1012,6/16/2023,District 4 - San Francisco,Pillar Point,Queen of Hearts,37423,NMFS,391,M,1,"Dave & Neosha assigned sample # 228 , S"
202306-1012-29746-YTRK-429,Yellowtail Rockfish,Sebastes flavidus,YTRK,8826010115,2023,1012,6/8/2023,District 4 - San Francisco,Emeryville,Sea Wolf,29746,NMFS,376,M,1,"Dave & Neosha assigned sample # 278 , S"
202306-1012-29746-YTRK-425,Yellowtail Rockfish,Sebastes flavidus,YTRK,8826010115,2023,1012,6/8/2023,District 4 - San Francisco,Emeryville,Sea Wolf,29746,NMFS,422,F,1,"Dave & Neosha assigned sample # 274 , S7"
202306-1012-29746-YTRK-432,Yellowtail Rockfish,Sebastes flavidus,YTRK,8826010115,2023,1012,6/16/2023,District 4 - San Francisco,Emeryville,Sea Wolf,29746,NMFS,392,M,1,"Dave & Neosha assigned sample # 281 , S"
202306-1012-29746-YTRK-435,Yellowtail Rockfish,Sebastes flavidus,YTRK,8826010115,2023,1012,6/16/2023,District 4 - San Francisco,Emeryville,Sea Wolf,29746,NMFS,398,M,1,"Dave & Neosha assigned sample # 284, ripe running testes , S"
202306-1012-29746-YTRK-434,Yellowtail Rockfish,Sebastes flavidus,YTRK,8826010115,2023,1012,6/16/2023,District 4 - San Francisco,Emeryville,Sea Wolf,29746,NMFS,415,M,1,"Dave & Neosha assigned sample # 283, ripe running testes , S"
202306-1012-37423-YTRK-377,Yellowtail Rockfish,Sebastes flavidus,YTRK,8826010115,2023,1012,6/16/2023,District 4 - San Francisco,Pillar Point,Queen of Hearts,37423,NMFS,389,U,UNK,"no gonads, Dave & Neosha assigned sample # 226 , S"
202306-1012-29746-YTRK-427,Yellowtail Rockfish,Sebastes flavidus,YTRK,8826010115,2023,1012,6/8/2023,District 4 - San Francisco,Emeryville,Sea Wolf,29746,NMFS,391,M,1,"Dave & Neosha assigned sample # 276 , S"
202306-1012-29746-YTRK-433,Yellowtail Rockfish,Sebastes flavidus,YTRK,8826010115,2023,1012,6/16/2023,District 4 - San Francisco,Emeryville,Sea Wolf,29746,NMFS,377,F,1,"Dave & Neosha assigned sample # 282 , S7"
202306-1012-29746-YTRK-428,Yellowtail Rockfish,Sebastes flavidus,YTRK,8826010115,2023,1012,6/8/2023,District 4 - San Francisco,Emeryville,Sea Wolf,29746,NMFS,399,M,1,"Dave & Neosha assigned sample # 277 , S"
202306-1012-37423-YTRK-390,Yellowtail Rockfish,Sebastes flavidus,YTRK,8826010115,2023,1012,6/17/2023,District 4 - San Francisco,Pillar Point,Queen of Hearts,37423,NMFS,390,M,1,"lengths rounded to every 5 mm?, ripe testes, Dave & Neosha assigned sample # 239 , S"
202306-1012-29746-YTRK-426,Yellowtail Rockfish,Sebastes flavidus,YTRK,8826010115,2023,1012,6/8/2023,District 4 - San Francisco,Emeryville,Sea Wolf,29746,NMFS,352,F,0,"Dave & Neosha assigned sample # 275 , S1"
202306-1012-05978-YTRK-257,Yellowtail Rockfish,Sebastes flavidus,YTRK,8826010115,2023,1012,6/10/2023,District 5 - Wine,Shelter Cove,Sea Hawk,5978,NMFS,440,F,1,"Dave & Neosha assigned sample # 106 , S7"
202306-1012-29746-YTRK-419,Yellowtail Rockfish,Sebastes flavidus,YTRK,8826010115,2023,1012,6/8/2023,District 4 - San Francisco,Emeryville,Sea Wolf,29746,NMFS,352,M,1,"Dave & Neosha assigned sample # 268 , S"
202306-1012-37423-YTRK-288,Yellowtail Rockfish,Sebastes flavidus,YTRK,8826010115,2023,1012,6/22/2023,District 4 - San Francisco,Pillar Point,Queen of Hearts,37423,NMFS,460,F,1,"lengths rounded?, Dave & Neosha assigned sample # 137 , S7"
202306-1012-29746-YTRK-424,Yellowtail Rockfish,Sebastes flavidus,YTRK,8826010115,2023,1012,6/8/2023,District 4 - San Francisco,Emeryville,Sea Wolf,29746,NMFS,399,F,1,"Dave & Neosha assigned sample # 273 , S7"
202306-1012-29746-YTRK-431,Yellowtail Rockfish,Sebastes flavidus,YTRK,8826010115,2023,1012,6/16/2023,District 4 - San Francisco,Emeryville,Sea Wolf,29746,NMFS,400,F,1,"Dave & Neosha assigned sample # 280 , S7"
202306-1012-37423-YTRK-374,Yellowtail Rockfish,Sebastes flavidus,YTRK,8826010115,2023,1012,6/16/2023,District 4 - San Francisco,Pillar Point,Queen of Hearts,37423,NMFS,405,F,1,"Dave & Neosha assigned sample # 223 , S7"
202306-1012-37423-YTRK-375,Yellowtail Rockfish,Sebastes flavidus,YTRK,8826010115,2023,1012,6/16/2023,District 4 - San Francisco,Pillar Point,Queen of Hearts,37423,NMFS,332,M,1,"Dave & Neosha assigned sample # 224 , S"
202306-1012-37423-YTRK-286,Yellowtail Rockfish,Sebastes flavidus,YTRK,8826010115,2023,1012,6/22/2023,District 4 - San Francisco,Pillar Point,Queen of Hearts,37423,NMFS,420,M,1,"ripe testes, lengths rounded?, Dave & Neosha assigned sample # 135 , S"
202306-1012-05978-YTRK-263,Yellowtail Rockfish,Sebastes flavidus,YTRK,8826010115,2023,1012,6/10/2023,District 5 - Wine,Shelter Cove,Sea Hawk,5978,NMFS,476,F,1,"Dave & Neosha assigned sample # 112 , S7"
202306-1012-05978-YTRK-264,Yellowtail Rockfish,Sebastes flavidus,YTRK,8826010115,2023,1012,6/10/2023,District 5 - Wine,Shelter Cove,Sea Hawk,5978,NMFS,459,F,1,"Dave & Neosha assigned sample # 113 , S7"
202306-1012-37423-YTRK-389,Yellowtail Rockfish,Sebastes flavidus,YTRK,8826010115,2023,1012,6/17/2023,District 4 - San Francisco,Pillar Point,Queen of Hearts,37423,NMFS,390,M,1,"lengths rounded to every 5 mm?, ripe testes, Dave & Neosha assigned sample # 238 , S"
202306-1012-37423-YTRK-285,Yellowtail Rockfish,Sebastes flavidus,YTRK,8826010115,2023,1012,6/22/2023,District 4 - San Francisco,Pillar Point,Queen of Hearts,37423,NMFS,471,F,1,"Dave & Neosha assigned sample # 134 , S7"
202306-1012-37423-YTRK-388,Yellowtail Rockfish,Sebastes flavidus,YTRK,8826010115,2023,1012,6/17/2023,District 4 - San Francisco,Pillar Point,Queen of Hearts,37423,NMFS,360,M,1,"lengths rounded to every 5 mm?, ripe testes, Dave & Neosha assigned sample # 237 , S"
202306-1012-37423-YTRK-387,Yellowtail Rockfish,Sebastes flavidus,YTRK,8826010115,2023,1012,6/17/2023,District 4 - San Francisco,Pillar Point,Queen of Hearts,37423,NMFS,330,M,1,"lengths rounded to every 5 mm?, Dave & Neosha assigned sample # 236 , S"
202306-1012-37423-YTRK-382,Yellowtail Rockfish,Sebastes flavidus,YTRK,8826010115,2023,1012,6/16/2023,District 4 - San Francisco,Pillar Point,Queen of Hearts,37423,NMFS,359,M,1,"Dave & Neosha assigned sample # 231 , S"
202306-1012-37423-YTRK-373,Yellowtail Rockfish,Sebastes flavidus,YTRK,8826010115,2023,1012,6/16/2023,District 4 - San Francisco,Pillar Point,Queen of Hearts,37423,NMFS,412,M,1,"Dave & Neosha assigned sample # 222 , S"
202306-1012-05978-YTRK-269,Yellowtail Rockfish,Sebastes flavidus,YTRK,8826010115,2023,1012,6/12/2023,District 5 - Wine,Shelter Cove,Sea Hawk,5978,NMFS,472,F,1,"Dave & Neosha assigned sample # 118 , S7"
202306-1012-05978-YTRK-268,Yellowtail Rockfish,Sebastes flavidus,YTRK,8826010115,2023,1012,6/12/2023,District 5 - Wine,Shelter Cove,Sea Hawk,5978,NMFS,385,M,1,"Dave & Neosha assigned sample # 117 , S"
202306-1012-37423-YTRK-369,Yellowtail Rockfish,Sebastes flavidus,YTRK,8826010115,2023,1012,6/16/2023,District 4 - San Francisco,Pillar Point,Queen of Hearts,37423,NMFS,265,M,0,"Dave & Neosha assigned sample # 218 , S"
202306-1012-05978-YTRK-270,Yellowtail Rockfish,Sebastes flavidus,YTRK,8826010115,2023,1012,6/12/2023,District 5 - Wine,Shelter Cove,Sea Hawk,5978,NMFS,449,F,1,"Dave & Neosha assigned sample # 119 , S7"
202306-1012-37423-YTRK-372,Yellowtail Rockfish,Sebastes flavidus,YTRK,8826010115,2023,1012,6/16/2023,District 4 - San Francisco,Pillar Point,Queen of Hearts,37423,NMFS,401,U,UNK,"no gonads, Dave & Neosha assigned sample # 221 , S"
202306-1012-05978-YTRK-266,Yellowtail Rockfish,Sebastes flavidus,YTRK,8826010115,2023,1012,6/12/2023,District 5 - Wine,Shelter Cove,Sea Hawk,5978,NMFS,413,M,1,"Dave & Neosha assigned sample # 115 , S"
202306-1012-37423-YTRK-370,Yellowtail Rockfish,Sebastes flavidus,YTRK,8826010115,2023,1012,6/16/2023,District 4 - San Francisco,Pillar Point,Queen of Hearts,37423,NMFS,499,F,1,"resting transitioning, Dave & Neosha assigned sample # 219 , S7+"
202306-1012-05978-YTRK-265,Yellowtail Rockfish,Sebastes flavidus,YTRK,8826010115,2023,1012,6/12/2023,District 5 - Wine,Shelter Cove,Sea Hawk,5978,NMFS,451,F,1,"Dave & Neosha assigned sample # 114 , S7"
202306-1012-37423-YTRK-381,Yellowtail Rockfish,Sebastes flavidus,YTRK,8826010115,2023,1012,6/16/2023,District 4 - San Francisco,Pillar Point,Queen of Hearts,37423,NMFS,466,F,1,"resting transitioning, Dave & Neosha assigned sample # 230 , S7+"
202306-1012-05978-YTRK-267,Yellowtail Rockfish,Sebastes flavidus,YTRK,8826010115,2023,1012,6/12/2023,District 5 - Wine,Shelter Cove,Sea Hawk,5978,NMFS,422,M,1,"Dave & Neosha assigned sample # 116 , S"
202306-1012-37423-YTRK-380,Yellowtail Rockfish,Sebastes flavidus,YTRK,8826010115,2023,1012,6/16/2023,District 4 - San Francisco,Pillar Point,Queen of Hearts,37423,NMFS,415,U,UNK,"no gonads, Dave & Neosha assigned sample # 229 , S"
